Workbook

Sheet Top200_ig_20260126
A1: Temperature_order | B1: person_name | C1: ig_name | D1: ig_id | E1: done | F1: ig_url | G1: ig_private | H1: ig_notSure_notFound | I1: ig_repeat | J1: temperature_link
A2: 1 | B2: 館長 陳之漢 | C2: 陳之漢 | D2: power3067830678 | E2: 1 | F2: https://www.instagram.com/power3067830678/ | J2: https://dailyview.tw/top100/item/1247?theme=36&range=30
A3: 2 | B3: 蔡阿嘎 蔡緯嘉 | C3: 蔡阿嘎 | D3: yga0721 | E3: 1 | F3: https://www.instagram.com/yga0721/ | J3: https://dailyview.tw/top100/item/1246?theme=36&range=30
A4: 3 | B4: 嘎嫂二伯&蔡波能 | C4: 嘎嫂二伯 | D4: 2uncle987 | E4: g | F4: https://www.instagram.com/2uncle987/ | J4: https://dailyview.tw/top100/item/19379?theme=36&range=30
A5: 4 | B5: 蔡桃貴 | C5: 蔡桃貴 | D5: tsaigray2018 | E5: 1 | F5: https://www.instagram.com/tsaigray2018/ | J5: https://dailyview.tw/top100/item/14457?theme=36&range=30
A6: 5 | B6: Cheap 鄭才暐 | C6: 鄭才暐 | D6: cheapaoe | E6: 1 | F6: https://www.instagram.com/cheapaoe/ | J6: https://dailyview.tw/top100/item/15683?theme=36&range=30
A7: 6 | B7: 張志祺（志祺七七 X 圖文不符） | C7: 志祺 | D7: shasha77.daily | E7: 1 | F7: https://www.instagram.com/shasha77.daily/ | J7: https://dailyview.tw/top100/item/12004?theme=36&range=30
A8: 7 | B8: 亞拉（貓貓蟲咖波） | C8: Bugcat Capoo | D8: bugcat_capoo | E8: 1 | F8: https://www.instagram.com/bugcat_capoo/ | J8: https://dailyview.tw/top100/item/3047?theme=36&range=30
A9: 8 | B9: 歷史哥 李易修 | C9: 歷史哥李易修 | D9: mrhisbro | E9: 1 | F9: https://www.instagram.com/mrhisbro/ | J9: https://dailyview.tw/top100/item/21386?theme=36&range=30
A10: 9 | B10: 鍾明軒 | C10: 鍾明軒 | D10: big_star_ken | E10: 999 | F10: https://www.instagram.com/big_star_ken/ | J10: https://dailyview.tw/top100/item/1257?theme=36&range=30
A11: 10 | B11: 晚安小雞 | C11: smallville780 | D11: smallville780 | E11: 998 | F11: https://www.instagram.com/smallville780/ | G11: 1 | J11: https://dailyview.tw/top100/item/23512?theme=36&range=30
A12: 11 | B12: 寒國人 張紹群 | C12: 張紹群 | D12: a22731391 | E12: 1 | F12: https://www.instagram.com/a22731391/ | J12: https://dailyview.tw/top100/item/27722?theme=36&range=30
A13: 12 | B13: 唐綺陽 | C13: 唐綺陽Jesse Tang | D13: jessetang11 | E13: 1 | F13: https://www.instagram.com/jessetang11/ | J13: https://dailyview.tw/top100/item/1271?theme=36&range=30
A14: 13 | B14: 反骨男孩 WACKYBOYS | C14: 反骨WACKYBOYS | D14: wackyboys520 | E14: 1 | F14: https://www.instagram.com/wackyboys520/ | J14: https://dailyview.tw/top100/item/7805?theme=36&range=30
A15: 14 | B15: 丁特 Dinter | C15: 丁特頻道 | D15: dinteroffical | E15: 1 | F15: https://www.instagram.com/dinteroffical/ | J15: https://dailyview.tw/top100/item/2798?theme=36&range=30
A16: 15 | B16: 八炯 温子渝（攝徒日記Fun TV） | C16: 八炯 | D16: musiclin_1107 | E16: 1 | F16: https://www.instagram.com/musiclin_1107/ | J16: https://dailyview.tw/top100/item/27721?theme=36&range=30
A17: 16 | B17: 有感筆電 Daptoper | C17: 有感筆電Daptoper | D17: daptoper | E17: 1 | F17: https://www.instagram.com/daptoper/ | J17: https://dailyview.tw/top100/item/18056?theme=36&range=30
A18: 17 | B18: 恩恩老師EanTV | C18: 恩恩老師EanTV | D18: happyeantv | E18: 1 | F18: https://www.instagram.com/happyeantv/ | J18: https://dailyview.tw/top100/item/19335?theme=36&range=30
A19: 18 | B19: Den | C19: DenQ | D19: denqdenq | E19: 1 | F19: https://www.instagram.com/denqdenq/ | J19: https://dailyview.tw/top100/item/14754?theme=36&range=30
A20: 19 | B20: 居妮 Ginny | C20: GINNY HSIEH | D20: ning3035 | F20: https://www.instagram.com/ning3035/ | J20: https://dailyview.tw/top100/item/13079?theme=36&range=30
A21: 20 | B21: 黃明志 | C21: 黃明志 | D21: namewee | E21: 1 | F21: https://www.instagram.com/namewee/ | J21: https://dailyview.tw/top100/item/3677?theme=36&range=30
A22: 21 | B22: Andy老師 王崇睿 | C22: Andy老師 | D22: andy1994x | E22: 1 | F22: https://www.instagram.com/andy1994x/ | J22: https://dailyview.tw/top100/item/26853?theme=36&range=30
A23: 22 | B23: 呂捷 | C23: 呂捷 | D23: vgsa.tw | E23: 1 | F23: https://www.instagram.com/vgsa.tw/ | J23: https://dailyview.tw/top100/item/12235?theme=36&range=30
A24: 23 | B24: 雨揚（雨揚樂活家族） | C24: 招財｜數字測驗 | D24: yu.young_fate | E24: 1 | F24: https://www.instagram.com/yu.young_fate/ | J24: https://dailyview.tw/top100/item/18047?theme=36&range=30
A25: 24 | B25: 叉雞 | C25: 叉雞Chah G🤍 | D25: chah.ggggg | E25: 999 | F25: https://www.instagram.com/chah.ggggg/ | J25: https://dailyview.tw/top100/item/28879?theme=36&range=30
A26: 25 | B26: 薔薔 林嘉凌 | C26: 薔薔林嘉凌Lin chia ling | D26: chialing_maze | F26: https://www.instagram.com/chialing_maze/ | J26: https://dailyview.tw/top100/item/2495?theme=36&range=30
A27: 25 | B27: 薔薔 林嘉凌 | C27: 薔栗膠 | D27: linchialing_maze | E27: 1 | F27: https://www.instagram.com/linchialing_maze/ | J27: https://dailyview.tw/top100/item/2495?theme=36&range=30
A28: 26 | B28: 呱吉 邱威傑 | C28: 呱吉 | D28: froggychiu | F28: https://www.instagram.com/froggychiu/ | J28: https://dailyview.tw/top100/item/7651?theme=36&range=30
A29: 27 | B29: 葳老闆 周品均 | C29: 周品均 | D29: mayukichou | F29: https://www.instagram.com/mayukichou/ | J29: https://dailyview.tw/top100/item/22461?theme=36&range=30
A30: 28 | B30: Inokawa Hajime井川一 | C30: 井川一InokawaHajime | D30: yaobinyang | E30: 1 | F30: https://www.instagram.com/yaobinyang/ | J30: https://dailyview.tw/top100/item/20924?theme=36&range=30
A31: 29 | B31: 老王 王倚隆 | C31: 跟著老王好好學股票 | D31: oldwangstock | E31: 1 | F31: https://www.instagram.com/oldwangstock/ | J31: https://dailyview.tw/top100/item/19376?theme=36&range=30
A32: 30 | B32: 黃氏兄弟 | C32: 黃氏兄弟 | D32: huangbrotherss | E32: 1 | F32: https://www.instagram.com/huangbrotherss/ | J32: https://dailyview.tw/top100/item/10692?theme=36&range=30
A33: 31 | B33: 阿滴 都省瑞 | C33: 阿滴 | D33: rayduenglish | F33: https://www.instagram.com/rayduenglish/ | J33: https://dailyview.tw/top100/item/1274?theme=36&range=30
A34: 32 | B34: 張家寧（秘月期POPOO） | C34: 秘月期POPOO | D34: popoo_5200 | E34: 1 | F34: https://www.instagram.com/popoo_5200/ | J34: https://dailyview.tw/top100/item/27090?theme=36&range=30
A35: 33 | B35: 蹦闆 呂育銓 | C35: 蹦闆呂育銓 | D35: 1988.bomb | E35: 1 | F35: https://www.instagram.com/1988.bomb/ | J35: https://dailyview.tw/top100/item/23778?theme=36&range=30
A36: 34 | B36: 亞洲統神 張嘉航 | C36: 張嘉航 | D36: godtoneasia | E36: 1 | F36: https://www.instagram.com/godtoneasia/ | J36: https://dailyview.tw/top100/item/1255?theme=36&range=30
A37: 35 | B37: 許伯&簡芝（倉鼠人） | C37: 許伯&簡芝 | D37: hsu_po_ | E37: 1 | F37: https://www.instagram.com/hsu_po_/ | J37: https://dailyview.tw/top100/item/18045?theme=36&range=30
A38: 36 | B38: 琳妲 林羿禎 | C38: 琳妲-林羿禎💕 | D38: linda831212 | F38: https://www.instagram.com/linda831212/ | J38: https://dailyview.tw/top100/item/22984?theme=36&range=30
A39: 37 | B39: 曾博恩 | C39: 曾博恩Brian Tseng | D39: brianptseng | F39: https://www.instagram.com/brianptseng/ | J39: https://dailyview.tw/top100/item/11950?theme=36&range=30
A40: 38 | B40: 儒哥 | C40: Ru儒哥 | D40: ruge1222 | E40: 1 | F40: https://www.instagram.com/ruge1222/ | J40: https://dailyview.tw/top100/item/18076?theme=36&range=30
A41: 39 | B41: 小吳（見習網美小吳） | C41: 見習網美小吳 | D41: beauty___wu | F41: https://www.instagram.com/beauty___wu/ | J41: https://dailyview.tw/top100/item/13454?theme=36&range=30
A42: 40 | B42: 喬瑟夫 ChillSeph | C42: 喬瑟夫ChillSeph | D42: chillseph | E42: 1 | F42: https://www.instagram.com/chillseph/ | J42: https://dailyview.tw/top100/item/15398?theme=36&range=30
A43: 41 | B43: 霸軒 Baxuan（人類超有病） | C43: 霸軒BAXUAN | D43: baxuan_ig | F43: https://www.instagram.com/baxuan_ig/ | J43: https://dailyview.tw/top100/item/3126?theme=36&range=30
A44: 42 | B44: 啾啾鞋 | C44: 啾啾鞋 | D44: chuchushoetw | E44: 1 | F44: https://www.instagram.com/chuchushoetw/ | J44: https://dailyview.tw/top100/item/1280?theme=36&range=30
A45: 43 | B45: 羅時豐 | C45: Daniel | D45: daniel__d.l | E45: 1 | F45: https://www.instagram.com/daniel__d.l/ | J45: https://dailyview.tw/top100/item/4745?theme=36&range=30
A46: 44 | B46: 超強系列 | C46: 超 強 René Huang | D46: rene_superawesome | F46: https://www.instagram.com/rene_superawesome/ | J46: https://dailyview.tw/top100/item/12002?theme=36&range=30
A47: 45 | B47: 關關關兒 | C47: 關關關兒 | D47: ijk_0211 | E47: 1 | F47: https://www.instagram.com/ijk_0211/ | J47: https://dailyview.tw/top100/item/12280?theme=36&range=30
A48: 46 | B48: 王思佳 | C48: 王思佳𝙎𝙤𝙥𝙝𝙞𝙖 ♌︎ | D48: pinksophia0818 | F48: https://www.instagram.com/pinksophia0818/ | J48: https://dailyview.tw/top100/item/219?theme=36&range=30
A49: 47 | B49: 阿神 | C49: KamiKami Matsu | D49: ookoukioo | F49: https://www.instagram.com/ookoukioo/ | J49: https://dailyview.tw/top100/item/2786?theme=36&range=30
A50: 48 | B50: 洋蔥（Onion Man） | C50: 洋蔥先生與阿文 | D50: onionman__ | F50: https://www.instagram.com/onionman__/ | J50: https://dailyview.tw/top100/item/3117?theme=36&range=30
A51: 49 | B51: Lobo 蘿蔔 | C51: Lobo蘿蔔 | D51: lobo_is_good | E51: 1 | F51: https://www.instagram.com/lobo_is_good/ | J51: https://dailyview.tw/top100/item/11753?theme=36&range=30
A52: 50 | B52: 瑋瑋 黃挺瑋 | C52: Wei ² 瑋瑋 | D52: weiii1008 | E52: 1 | F52: https://www.instagram.com/weiii1008/ | J52: https://dailyview.tw/top100/item/24696?theme=36&range=30
A53: 51 | B53: Eric Duan | C53: Eric Duan | D53: yt.ericduan | E53: 1 | F53: https://www.instagram.com/yt.ericduan/ | J53: https://dailyview.tw/top100/item/22683?theme=36&range=30
A54: 52 | B54: 孫沁岳 | C54: 孫沁岳 | D54: yorkesun | F54: https://www.instagram.com/yorkesun/ | J54: https://dailyview.tw/top100/item/20219?theme=36&range=30
A55: 53 | B55: Ryu | C55: Ryuuu | D55: ryuuu0409 | F55: https://www.instagram.com/ryuuu0409/ | J55: https://dailyview.tw/top100/item/2807?theme=36&range=30
A56: 54 | B56: 好味小姐 Lady Flavor | C56: 好味小姐與蛋捲,短褲,麻糊,米香,橘皮,本丸,圓仔,More | D56: ladyflavor | E56: 1 | F56: https://www.instagram.com/ladyflavor/ | J56: https://dailyview.tw/top100/item/12056?theme=36&range=30
A57: 54 | B57: 好味小姐 Lady Flavor | C57: 好味小姐脆脆 | D57: ladyflavor_cui | E57: 1 | F57: https://www.instagram.com/ladyflavor_cui/ | J57: https://dailyview.tw/top100/item/12056?theme=36&range=30
A58: 54 | B58: 好味小姐 Lady Flavor | C58: 好味小姐腦波弱跟Podcast | D58: ladyflavor_nowpo | E58: 1 | F58: https://www.instagram.com/ladyflavor_nowpo/ | J58: https://dailyview.tw/top100/item/12056?theme=36&range=30
A59: 55 | B59: 阿格力 | C59: 阿格力✨ | D59: dr.agree88 | E59: 1 | F59: https://www.instagram.com/dr.agree88/ | J59: https://dailyview.tw/top100/item/23347?theme=36&range=30
A60: 56 | B60: 霸軒與小美 Baxuan & Mei | C60: 霸軒BAXUAN | D60: baxuan_ig | F60: https://www.instagram.com/baxuan_ig/ | J60: https://dailyview.tw/top100/item/23575?theme=36&range=30
A61: 57 | B61: 蓋彼 Gabi | C61: 蓋彼Gabi SDK | D61: gabisdk | E61: 1 | F61: https://www.instagram.com/gabisdk/ | J61: https://dailyview.tw/top100/item/3100?theme=36&range=30
A62: 58 | B62: 尼克星 潘律星 | C62: 尼克星 | D62: nickpan129 | F62: https://www.instagram.com/nickpan129/ | J62: https://dailyview.tw/top100/item/23416?theme=36&range=30
A63: 59 | B63: 閩南狼 陳柏源 | C63: 閩南狼PYC | D63: mannam_pyc | F63: https://www.instagram.com/mannam_pyc/ | J63: https://dailyview.tw/top100/item/28881?theme=36&range=30
A64: 60 | B64: 宏爺（宏爺講股） | C64: 宏爺｜理財 | D64: homeya_f | E64: 1 | F64: https://www.instagram.com/homeya_f/ | J64: https://dailyview.tw/top100/item/23323?theme=36&range=30
A65: 61 | B65: 志銘與狸貓 | C65: 志銘 | D65: seekerming | F65: https://www.instagram.com/seekerming/ | J65: https://dailyview.tw/top100/item/11740?theme=36&range=30
A66: 62 | B66: 蛇丸 | C66: 大蛇丸 | D66: jam_cutepig | E66: 1 | F66: https://www.instagram.com/jam_cutepig/ | J66: https://dailyview.tw/top100/item/13874?theme=36&range=30
A67: 63 | B67: 千千 Chien-Chien | C67: 千千 | D67: khshu_ | F67: https://www.instagram.com/khshu_/ | J67: https://dailyview.tw/top100/item/3673?theme=36&range=30
A68: 64 | B68: 哲哲 黃雍哲 | C68: 哲哲ZHE | D68: huang45490 | E68: 1 | F68: https://www.instagram.com/huang45490/ | J68: https://dailyview.tw/top100/item/24695?theme=36&range=30
A69: 65 | B69: 全民瘋車Bar | C69: 全民瘋車Bar | D69: carholic.yichen | E69: 1 | F69: https://www.instagram.com/carholic.yichen/ | J69: https://dailyview.tw/top100/item/19309?theme=36&range=30
A70: 66 | B70: 蛋哥 | C70: 蛋哥超有事EggThings | D70: egg_things | E70: 1 | F70: https://www.instagram.com/egg_things/ | J70: https://dailyview.tw/top100/item/3084?theme=36&range=30
A71: 67 | B71: 小賴 賴晏駒 | C71: 小賴兒賴晏駒☀ | D71: sunshineelaii | F71: https://www.instagram.com/sunshineelaii/ | J71: https://dailyview.tw/top100/item/14264?theme=36&range=30
A72: 68 | B72: Our TV | C72: OurTV | D72: ourtv.tw | E72: 1 | F72: https://www.instagram.com/ourtv.tw/ | J72: https://dailyview.tw/top100/item/19315?theme=36&range=30
A73: 69 | B73: 反正我很閒 | C73: 反正我很閒 | D73: igotallday0628 | E73: 1 | F73: https://www.instagram.com/igotallday0628/ | J73: https://dailyview.tw/top100/item/16084?theme=36&range=30
A74: 70 | B74: 老王 | C74: Wannasinging老王 | D74: wannasinging_retry | E74: 1 | F74: https://www.instagram.com/wannasinging_retry/ | J74: https://dailyview.tw/top100/item/9225?theme=36&range=30
A75: 71 | B75: 白癡公主 | C75: 白癡公主 | D75: 87acup | E75: 1 | F75: https://www.instagram.com/87acup/ | J75: https://dailyview.tw/top100/item/2804?theme=36&range=30
A76: 72 | B76: 6tan | C76: Six Wang | D76: 6tan | E76: 1 | F76: https://www.instagram.com/6tan/ | J76: https://dailyview.tw/top100/item/2819?theme=36&range=30
A77: 73 | B77: 阿部瑪利亞 | C77: 𝑀𝑎𝑟𝑖𝑎 阿部瑪利亞 | D77: _abedesu | E77: 999 | F77: https://www.instagram.com/_abedesu/ | J77: https://dailyview.tw/top100/item/17762?theme=36&range=30
A78: 74 | B78: 床編故事 Bad Time Stories | C78: 床編故事Bad Time Stories | D78: badtimestories365 | F78: https://www.instagram.com/badtimestories365/ | J78: https://dailyview.tw/top100/item/20927?theme=36&range=30
A79: 75 | B79: 小慧就愛吃 シャオホイ | C79: 小慧就愛吃シャオホイ | D79: xiaohui_foodie | F79: https://www.instagram.com/xiaohui_foodie/ | J79: https://dailyview.tw/top100/item/23421?theme=36&range=30
A80: 76 | B80: 賀瓏 Hello | C80: 賀瓏Hello | D80: hellohorlung | E80: 1 | F80: https://www.instagram.com/hellohorlung/ | J80: https://dailyview.tw/top100/item/16250?theme=36&range=30
A81: 77 | B81: 一隻阿圓 | C81: 一隻阿圓 | D81: nanaciaociao | F81: https://www.instagram.com/nanaciaociao/ | J81: https://dailyview.tw/top100/item/13075?theme=36&range=30
A82: 78 | B82: 西西歪 | C82: 西西歪 | D82: ccwhyao | F82: https://www.instagram.com/ccwhyao/ | J82: https://dailyview.tw/top100/item/21936?theme=36&range=30
A83: 79 | B83: 超粒方 | C83: 超粒方 | D83: tesscube | E83: 1 | F83: https://www.instagram.com/tesscube/ | J83: https://dailyview.tw/top100/item/2787?theme=36&range=30
A84: 80 | B84: 許廷瑞（超認真少年Imserious） | C84: 超認真少年 | D84: imseriou | F84: https://www.instagram.com/imseriou/ | J84: https://dailyview.tw/top100/item/18065?theme=36&range=30
A85: 81 | B85: HowHow 陳孜昊 | C85: HowHow | D85: howhowhasfriends | E85: 1 | F85: https://www.instagram.com/howhowhasfriends/ | J85: https://dailyview.tw/top100/item/1298?theme=36&range=30
A86: 82 | B86: 希露弟弟啃雞腿 | C86: 希露弟弟啃雞腿 | D86: getwie__ | F86: https://www.instagram.com/getwie__/ | J86: https://dailyview.tw/top100/item/14707?theme=36&range=30
A87: 83 | B87: 愛莉莎莎 Alisasa | C87: 愛莉莎莎Alisasa 🐨 | D87: goodalicia | F87: https://www.instagram.com/goodalicia/ | J87: https://dailyview.tw/top100/item/11956?theme=36&range=30
A88: 84 | B88: 清流君 | C88: 清流君 | D88: mrwaterdrop | F88: https://www.instagram.com/mrwaterdrop/ | J88: https://dailyview.tw/top100/item/23322?theme=36&range=30
A89: 85 | B89: 郭哲榮 | C89: 郭哲榮分析師 | D89: s178178 | E89: 1 | F89: https://www.instagram.com/s178178/ | J89: https://dailyview.tw/top100/item/23338?theme=36&range=30
A90: 86 | B90: Bobo&Kira（Bobo TV） | C90: BoBo TV | D90: bobo_kira | E90: 1 | F90: https://www.instagram.com/bobo_kira/ | J90: https://dailyview.tw/top100/item/19362?theme=36&range=30
A91: 87 | B91: 欣西亞和Shane | C91: 欣西亞和Shane任翔 | D91: cynthiarendelman | E91: 1 | F91: https://www.instagram.com/cynthiarendelman/ | J91: https://dailyview.tw/top100/item/18052?theme=36&range=30
A92: 87 | B92: 欣西亞和Shane | C92: 親密診療室 | D92: cynthia_intimacy | E92: 1 | F92: https://www.instagram.com/cynthia_intimacy/ | J92: https://dailyview.tw/top100/item/18052?theme=36&range=30
A93: 88 | B93: 林進 | C93: 林進Lingin 林東進飛醺卑鄙Fashionbaby | D93: lingin1209 | F93: https://www.instagram.com/lingin1209/ | J93: https://dailyview.tw/top100/item/1250?theme=36&range=30
A94: 89 | B94: Bump 黃煦傑 | C94: 雷葛格 | D94: bumpbro | E94: 1 | F94: https://www.instagram.com/bumpbro/ | J94: https://dailyview.tw/top100/item/16553?theme=36&range=30
A95: 90 | B95: 윤도이 尹到怡 | C95: 尹到怡 윤도이 ଘ | D95: yxxndoi_ | E95: 1 | F95: https://www.instagram.com/yxxndoi_/ | J95: https://dailyview.tw/top100/item/23644?theme=36&range=30
A96: 91 | B96: 布萊克薛薛 | C96: 布萊克薛薛Drangadrang | D96: k3okii | E96: 1 | F96: https://www.instagram.com/k3okii/ | J96: https://dailyview.tw/top100/item/2841?theme=36&range=30
A97: 92 | B97: 野人七號部落 | C97: 野人七號部落 | D97: kid7fat | E97: 1 | F97: https://www.instagram.com/kid7fat/ | J97: https://dailyview.tw/top100/item/20638?theme=36&range=30
A98: 93 | B98: Ricky&Nina（我們倆） | C98: 我們倆Ricky&Nina | D98: nikichen926 | E98: 1 | F98: https://www.instagram.com/nikichen926/ | J98: https://dailyview.tw/top100/item/27391?theme=36&range=30
A99: 94 | B99: Will（X調查） | E99: 1 | H99: 1 | J99: https://dailyview.tw/top100/item/18043?theme=36&range=30
A100: 95 | B100: 賤葆 J-Bao | C100: 賤葆ʕ•ᴥ•ʔ✨ | D100: jbao_5000 | F100: https://www.instagram.com/jbao_5000/ | J100: https://dailyview.tw/top100/item/15497?theme=36&range=30
...

Sheet aisa100
A1: Aisa_Order | B1: person_name | C1: ig_name | D1: ig_id | E1: ig_strong_id | F1: done | H1: posts | I1: Followers | J1: Following | K1: ig_url | L1: ig_url ig_private | M1: ig_notSure_notFound | N1: ig_repeat | O1: category | P1: followers
A2: 1 | B2: 蔡阿嘎 | C2: 蔡阿嘎 | D2: yga0721 | E2: 45717781 | F2: 1 | G2: {=_xludf.XLOOKUP(D2,aisa200!D:D,aisa200!F:F,"")} -> #NAME? | H2: 8178 | I2: 1495461 | J2: 501 | K2: https://www.instagram.com/yga0721/ | O2: 趣味搞笑 | P2: 5893557
A3: 2 | B3: PanSci-泛科學 | C3: PanSci 泛科學 | D3: pansci | E3: 1455058965 | F3: 1 | G3: {=_xludf.XLOOKUP(D3,aisa200!D:D,aisa200!F:F,"")} -> #NAME? | H3: 1453 | I3: 283652 | J3: 399 | K3: https://www.instagram.com/pansci/ | O3: 知識教育 | P3: 1830902
A4: 3 | B4: 黃阿瑪的後宮生活 | C4: 黃阿瑪的後宮生活 | D4: fumeancat | E4: 1399123752 | F4: 1 | G4: {=_xludf.XLOOKUP(D4,aisa200!D:D,aisa200!F:F,"")} -> #NAME? | H4: 4550 | I4: 1050878 | J4: 159 | K4: https://www.instagram.com/fumeancat/ | O4: 寵物 | P4: 4117370
A5: 4 | B5: 小象愛出門 | C5: 小象愛出門 | D5: elephant_gogo | E5: 484667815 | F5: g | G5: {=_xludf.XLOOKUP(D5,aisa200!D:D,aisa200!F:F,"")} -> #NAME? | H5: 1888 | I5: 183273 | J5: 1129 | K5: https://www.instagram.com/elephant_gogo/ | O5: 美食料理,旅遊 | P5: 1158083
A6: 5 | B6: 那對夫妻 | C6: 那對夫妻Nico&Kim | D6: 1006nk | E6: 1701651749 | F6: 1 | G6: {=_xludf.XLOOKUP(D6,aisa200!D:D,aisa200!F:F,"")} -> #NAME? | H6: 3146 | I6: 1030978 | J6: 3 | K6: https://www.instagram.com/1006nk/ | O6: 趣味搞笑,家庭母嬰,表演藝術 | P6: 4576655
A7: 6 | B7: 大蛇丸 | C7: 大蛇丸 | D7: jam_cutepig | E7: 2214964723 | F7: 1 | G7: {=_xludf.XLOOKUP(D7,aisa200!D:D,aisa200!F:F,"")} -> #NAME? | H7: 882 | I7: 551530 | J7: 390 | K7: https://www.instagram.com/jam_cutepig/ | O7: 趣味搞笑 | P7: 2042767
A8: 7 | B8: Aries艾瑞絲 | C8: Aries艾瑞絲 | D8: aries_8248 | E8: 453456033 | F8: g | G8: {=_xludf.XLOOKUP(D8,aisa200!D:D,aisa200!F:F,"")} -> #NAME? | H8: 2044 | I8: 779766 | J8: 943 | K8: https://www.instagram.com/aries_8248/ | O8: 美食料理,表演藝術,趣味搞笑 | P8: 4774089
A9: 8 | B9: 陳彥婷 | C9: 陳彥婷 Tiffany | D9: thetiffanychen | E9: 4053642540 | F9: 1 | G9: {=_xludf.XLOOKUP(D9,aisa200!D:D,aisa200!F:F,"")} -> #NAME? | H9: 2147 | I9: 642973 | J9: 352 | K9: https://www.instagram.com/thetiffanychen/ | O9: 趣味搞笑 | P9: 1585007
A10: 9 | B10: Joeman | C10: Joeman 九妹 | D10: joemanweng | E10: 360484090 | F10: g | G10: {=_xludf.XLOOKUP(D10,aisa200!D:D,aisa200!F:F,"")} -> #NAME? | H10: 1615 | I10: 666819 | J10: 996 | K10: https://www.instagram.com/joemanweng/ | O10: 美食料理,3C科技,趣味搞笑 | P10: 3981236
A11: 10 | B11: 一隻阿圓 | C11: 一隻阿圓 | D11: nanaciaociao | E11: 313471712 | F11: 1 | G11: {=_xludf.XLOOKUP(D11,aisa200!D:D,aisa200!F:F,"")} -> #NAME? | H11: 3373 | I11: 563686 | J11: 593 | K11: https://www.instagram.com/nanaciaociao/ | O11: 美妝保養,時尚潮流,旅遊 | P11: 1725846
A12: 11 | B12: 豆漿--Soybean-Milk | C12: 豆漿-SoybeanMilk | D12: soybeanmilk_cat | E12: 5556187464 | F12: 1 | G12: {=_xludf.XLOOKUP(D12,aisa200!D:D,aisa200!F:F,"")} -> #NAME? | H12: 2242 | I12: 433921 | J12: 34 | K12: https://www.instagram.com/soybeanmilk_cat/ | O12: 寵物 | P12: 1834682
A13: 12 | B13: 貓貓蟲-咖波 | C13: Bugcat Capoo | D13: bugcat_capoo | E13: 2122019014 | F13: 1 | G13: {=_xludf.XLOOKUP(D13,aisa200!D:D,aisa200!F:F,"")} -> #NAME? | H13: 1735 | I13: 2136350 | J13: 291 | K13: https://www.instagram.com/bugcat_capoo/ | O13: 表演藝術 | P13: 6526761
A14: 13 | B14: 人類超有病-Baxuan | C14: 霸軒BAXUAN | D14: baxuan_ig | E14: 1959578996 | F14: g | G14: {=_xludf.XLOOKUP(D14,aisa200!D:D,aisa200!F:F,"")} -> #NAME? | H14: 1066 | I14: 742233 | J14: 2830 | K14: https://www.instagram.com/baxuan_ig/ | O14: 表演藝術,趣味搞笑 | P14: 2784459
A15: 14 | B15: 蕾菈-Lyla | C15: 蕾菈 Lyla | D15: la.112814 | E15: 534488377 | F15: g | G15: {=_xludf.XLOOKUP(D15,aisa200!D:D,aisa200!F:F,"")} -> #NAME? | H15: 1486 | I15: 1147024 | J15: 1627 | K15: https://www.instagram.com/la.112814/ | O15: 趣味搞笑 | P15: 2924293
A16: 15 | B16: 好味小姐 | C16: 好味小姐與蛋捲,短褲,麻糊,米香,橘皮,本丸,圓仔,More | D16: ladyflavor | E16: 3417748590 | F16: 1 | G16: {=_xludf.XLOOKUP(D16,aisa200!D:D,aisa200!F:F,"")} -> #NAME? | H16: 2094 | I16: 395768 | J16: 112 | K16: https://www.instagram.com/ladyflavor/ | O16: 美食料理,寵物 | P16: 1591823
A17: 15 | B17: 好味小姐 | C17: 好味小姐脆脆 | D17: ladyflavor_cui | E17: 3656815405 | F17: 1 | G17: {=_xludf.XLOOKUP(D17,aisa200!D:D,aisa200!F:F,"")} -> #NAME? | H17: 1378 | I17: 369611 | J17: 122 | K17: https://www.instagram.com/ladyflavor_cui/ | O17: 美食料理,寵物 | P17: 1591823
A18: 15 | B18: 好味小姐 | C18: 好味小姐腦波弱跟Podcast | D18: ladyflavor_nowpo | E18: 53675526308 | F18: 1 | G18: {=_xludf.XLOOKUP(D18,aisa200!D:D,aisa200!F:F,"")} -> #NAME? | H18: 472 | I18: 205735 | J18: 9 | K18: https://www.instagram.com/ladyflavor_nowpo/ | O18: 美食料理,寵物 | P18: 1591823
A19: 16 | B19: 小A辣 | C19: 小A辣🌶️ | D19: ala780705 | E19: 5703523434 | F19: g | G19: {=_xludf.XLOOKUP(D19,aisa200!D:D,aisa200!F:F,"")} -> #NAME? | H19: 1744 | I19: 354298 | J19: 1499 | K19: https://www.instagram.com/ala780705/ | O19: 趣味搞笑 | P19: 2844787
A20: 17 | B20: 泱泱-LYNN | C20: 泱泱LYNN | D20: lynnwu0219_2 | E20: 47642521277 | F20: 1 | G20: {=_xludf.XLOOKUP(D20,aisa200!D:D,aisa200!F:F,"")} -> #NAME? | H20: 21 | I20: 76276 | J20: 93 | K20: https://www.instagram.com/lynnwu0219_2/ | O20: 帶貨分潤 | P20: 1966599
A21: 18 | B21: 千千進食中 | C21: 千千 | D21: khshu_ | E21: 254432523 | F21: g | G21: {=_xludf.XLOOKUP(D21,aisa200!D:D,aisa200!F:F,"")} -> #NAME? | H21: 1002 | I21: 891802 | J21: 974 | K21: https://www.instagram.com/khshu_/ | O21: 美食料理 | P21: 3603862
A22: 19 | B22: Sandy-珊迪 | C22: Sandykaka 珊迪 | D22: sandykaka_ | E22: 2620202 | F22: 1 | G22: {=_xludf.XLOOKUP(D22,aisa200!D:D,aisa200!F:F,"")} -> #NAME? | H22: 3279 | I22: 292906 | J22: 479 | K22: https://www.instagram.com/sandykaka_/ | O22: 美食料理,寵物,遊戲電玩 | P22: 892734
A23: 20 | B23: 飆悍 | C23: 陳之漢 | D23: power3067830678 | E23: 3791242285 | F23: 1 | G23: {=_xludf.XLOOKUP(D23,aisa200!D:D,aisa200!F:F,"")} -> #NAME? | H23: 1841 | I23: 782079 | J23: 150 | K23: https://www.instagram.com/power3067830678/ | O23: 運動健身,遊戲電玩,時事討論 | P23: 3377635
A24: 21 | B24: Yun-Chou | C24: Yun Chou | D24: riceandshine.co | E24: 851583 | F24: g | G24: {=_xludf.XLOOKUP(D24,aisa200!D:D,aisa200!F:F,"")} -> #NAME? | H24: 2961 | I24: 834659 | J24: 993 | K24: https://www.instagram.com/riceandshine.co/ | O24: 家庭母嬰 | P24: 1591069
A25: 22 | B25: 琳妲-林羿禎 | C25: 琳妲-林羿禎💕 | D25: linda831212 | E25: 262292089 | F25: g | G25: {=_xludf.XLOOKUP(D25,aisa200!D:D,aisa200!F:F,"")} -> #NAME? | H25: 5232 | I25: 1036871 | J25: 2416 | K25: https://www.instagram.com/linda831212/ | O25: 表演藝術,趣味搞笑 | P25: 2676124
A26: 23 | B26: How-Fun-如何爽 | C26: HowHow | D26: howhowhasfriends | E26: 6505088311 | F26: 1 | G26: {=_xludf.XLOOKUP(D26,aisa200!D:D,aisa200!F:F,"")} -> #NAME? | H26: 1921 | I26: 523443 | J26: 103 | K26: https://www.instagram.com/howhowhasfriends | O26: 趣味搞笑 | P26: 2759513
A27: 24 | B27: 魔術Channel---Davio | C27: 🎩Davio🎩 | D27: davio_magic | E27: 3025123501 | F27: g | G27: {=_xludf.XLOOKUP(D27,aisa200!D:D,aisa200!F:F,"")} -> #NAME? | H27: 2093 | I27: 351680 | J27: 682 | K27: https://www.instagram.com/davio_magic/ | O27: 表演藝術 | P27: 1018319
A28: 25 | B28: HOOK | C28: HOOK | D28: helloiamhook | E28: 6666970922 | F28: 1 | G28: {=_xludf.XLOOKUP(D28,aisa200!D:D,aisa200!F:F,"")} -> #NAME? | H28: 1154 | I28: 648553 | J28: 448 | K28: https://www.instagram.com/helloiamhook/ | O28: 寵物,旅遊,美食料理 | P28: 2870332
A29: 26 | B29: lan&Eric | C29: The DoDo Men - 嘟嘟人 | D29: thedodomen | E29: 22597217534 | F29: 1 | G29: {=_xludf.XLOOKUP(D29,aisa200!D:D,aisa200!F:F,"")} -> #NAME? | H29: 1101 | I29: 609185 | J29: 482 | K29: https://www.instagram.com/thedodomen/ | O29: 旅遊,趣味搞笑 | P29: 2209418
A30: 27 | B30: 嘎嫂二伯 | C30: 嘎嫂二伯 | D30: 2uncle987 | E30: 2113732341 | F30: g | G30: {=_xludf.XLOOKUP(D30,aisa200!D:D,aisa200!F:F,"")} -> #NAME? | H30: 4245 | I30: 774220 | J30: 703 | K30: https://www.instagram.com/2uncle987/ | O30: 旅遊,家庭母嬰 | P30: 1197000
A31: 28 | B31: Peter-Su | C31: Peter Su | D31: peter825 | E31: 2059966 | F31: g | G31: {=_xludf.XLOOKUP(D31,aisa200!D:D,aisa200!F:F,"")} -> #NAME? | H31: 3594 | I31: 668099 | J31: 930 | K31: https://www.instagram.com/peter825/ | O31: 旅遊,知識教育 | P31: 1439199
A32: 29 | B32: Sandy-&-Mandy | C32: Sandy&Mandy | D32: sandymandy_official | E32: 5694299090 | F32: 1 | G32: {=_xludf.XLOOKUP(D32,aisa200!D:D,aisa200!F:F,"")} -> #NAME? | H32: 586 | I32: 519307 | J32: 248 | K32: https://www.instagram.com/sandymandy_official/ | O32: 表演藝術 | P32: 4341726
A33: 30 | B33: 愛莉莎莎-Alisasa | C33: 愛莉莎莎Alisasa 🐨 | D33: goodalicia | E33: 328949039 | F33: g | G33: {=_xludf.XLOOKUP(D33,aisa200!D:D,aisa200!F:F,"")} -> #NAME? | H33: 1637 | I33: 615843 | J33: 1279 | K33: https://www.instagram.com/goodalicia/ | O33: 美妝保養,時尚潮流 | P33: 2280213
A34: 31 | B34: 彼得爸與蘇珊媽 | C34: 彼得爸與蘇珊媽 | D34: peter_and_susan | E34: 22917989 | F34: g | G34: {=_xludf.XLOOKUP(D34,aisa200!D:D,aisa200!F:F,"")} -> #NAME? | H34: 3181 | I34: 115573 | J34: 1267 | K34: https://www.instagram.com/peter_and_susan/ | O34: 旅遊,家庭母嬰,帶貨分潤 | P34: 740997
A35: 32 | B35: 江老師 | C35: 我是江老師 | D35: teacherchiang | E35: 30136496472 | F35: g | G35: {=_xludf.XLOOKUP(D35,aisa200!D:D,aisa200!F:F,"")} -> #NAME? | H35: 1922 | I35: 308786 | J35: 624 | K35: https://www.instagram.com/teacherchiang | O35: 表演藝術,時尚潮流,家庭母嬰 | P35: 1325283
A36: 33 | B36: 元元 | C36: 元 元 | D36: 1105ya | E36: 506333587 | F36: 1 | G36: {=_xludf.XLOOKUP(D36,aisa200!D:D,aisa200!F:F,"")} -> #NAME? | H36: 1524 | I36: 1106945 | J36: 560 | K36: https://www.instagram.com/1105ya/ | O36: 時尚潮流 | P36: 2063109
A37: 34 | B37: 林進-飛醺卑鄙-fashion-baby | C37: 林進Lingin 林東進飛醺卑鄙Fashionbaby | D37: lingin1209 | E37: 371630480 | F37: g | G37: {=_xludf.XLOOKUP(D37,aisa200!D:D,aisa200!F:F,"")} -> #NAME? | H37: 8194 | I37: 722044 | J37: 2244 | K37: https://www.instagram.com/lingin1209/ | O37: 趣味搞笑 | P37: 2525842
A38: 35 | B38: 我是老爸-我不要當爸! | C38: 我是老爸，我不要當爸 | D38: daddy.iam | E38: 3638274950 | F38: g | G38: {=_xludf.XLOOKUP(D38,aisa200!D:D,aisa200!F:F,"")} -> #NAME? | H38: 554 | I38: 102766 | J38: 301 | K38: https://www.instagram.com/daddy.iam/ | O38: 旅遊,美食料理 | P38: 1212086
A39: 36 | B39: 小葵-XiaoKui | C39: 小葵 XiaoKui | D39: miao11255 | E39: 1673522323 | F39: g | G39: {=_xludf.XLOOKUP(D39,aisa200!D:D,aisa200!F:F,"")} -> #NAME? | H39: 1374 | I39: 178445 | J39: 764 | K39: https://www.instagram.com/miao11255/ | O39: 遊戲電玩 | P39: 732923
A40: 37 | B40: 星期天 | C40: 星期天 Sunday | D40: sundayright_dub | E40: 1795150072 | F40: g | G40: {=_xludf.XLOOKUP(D40,aisa200!D:D,aisa200!F:F,"")} -> #NAME? | H40: 1950 | I40: 180562 | J40: 1612 | K40: https://www.instagram.com/sundayright_dub/ | O40: 綜合其他 | P40: 1267313
A41: 38 | B41: 蔡桃貴 | C41: 蔡桃貴 | D41: tsaigray2018 | E41: 8047388429 | F41: 1 | G41: {=_xludf.XLOOKUP(D41,aisa200!D:D,aisa200!F:F,"")} -> #NAME? | H41: 4238 | I41: 1150147 | J41: 61 | K41: https://www.instagram.com/tsaigray2018/ | O41: 家庭母嬰,趣味搞笑 | P41: 2635309
A42: 39 | B42: 鹿人 | C42: 鹿人 | D42: twodeerman | E42: 1422088439 | F42: 1 | G42: {=_xludf.XLOOKUP(D42,aisa200!D:D,aisa200!F:F,"")} -> #NAME? | H42: 922 | I42: 415007 | J42: 208 | K42: https://www.instagram.com/twodeerman/ | O42: 表演藝術,趣味搞笑 | P42: 2142976
A43: 40 | B43: 丹妮婊姐 | C43: 丹妮婊姐星球 | D43: dannybeeech | E43: 1387337609 | F43: 1 | G43: {=_xludf.XLOOKUP(D43,aisa200!D:D,aisa200!F:F,"")} -> #NAME? | H43: 1232 | I43: 257954 | J43: 2 | K43: https://www.instagram.com/dannybeeech/ | O43: 美妝保養,時尚潮流,趣味搞笑 | P43: 1175154
A44: 41 | B44: 麻糬爸 | C44: 麻糬爸與白爛貓家族 | D44: mochi_dad | E44: 588016383 | F44: 1 | G44: {=_xludf.XLOOKUP(D44,aisa200!D:D,aisa200!F:F,"")} -> #NAME? | H44: 2560 | I44: 391889 | J44: 116 | K44: https://www.instagram.com/mochi_dad/ | O44: 表演藝術 | P44: 969539
A45: 42 | B45: 這群人TGOP | C45: 這群人 TGOP | D45: thisgroupofpeople | E45: 3179636262 | F45: 1 | G45: {=_xludf.XLOOKUP(D45,aisa200!D:D,aisa200!F:F,"")} -> #NAME? | H45: 2377 | I45: 634322 | J45: 15 | K45: https://www.instagram.com/thisgroupofpeople/ | O45: 趣味搞笑 | P45: 6443381
A46: 43 | B46: 黃氏兄弟 | C46: 黃氏兄弟 | D46: huangbrotherss | E46: 6231869789 | F46: 1 | G46: {=_xludf.XLOOKUP(D46,aisa200!D:D,aisa200!F:F,"")} -> #NAME? | H46: 476 | I46: 454084 | J46: 2 | K46: https://www.instagram.com/huangbrotherss/ | O46: 趣味搞笑,表演藝術 | P46: 3050475
A47: 44 | B47: KEOKI-BLACK布萊克薛薛 | C47: 布萊克薛薛Drangadrang | D47: k3okii | E47: 192726292 | F47: 1 | G47: {=_xludf.XLOOKUP(D47,aisa200!D:D,aisa200!F:F,"")} -> #NAME? | H47: 1396 | I47: 232109 | J47: 389 | K47: https://www.instagram.com/k3okii/ | O47: 旅遊,美食料理 | P47: 1200180
A48: 45 | B48: 廉傑克曼 | C48: 張廉傑 RJ / 阿傑 | D48: jaychang0127 | E48: 328078093 | F48: g | G48: {=_xludf.XLOOKUP(D48,aisa200!D:D,aisa200!F:F,"")} -> #NAME? | H48: 1855 | I48: 415002 | J48: 4032 | K48: https://www.instagram.com/jaychang0127/ | O48: 遊戲電玩 | P48: 1161455
A49: 46 | B49: 關韶文 | C49: 關韶文 關關✨ | D49: ethan_kuan_kuan | E49: 270217123 | F49: 1 | G49: {=_xludf.XLOOKUP(D49,aisa200!D:D,aisa200!F:F,"")} -> #NAME? | H49: 1929 | I49: 367960 | J49: 501 | K49: https://www.instagram.com/ethan_kuan_kuan/ | O49: 美妝保養,趣味搞笑,表演藝術 | P49: 1105298
A50: 47 | B50: Andy老師 | C50: Andy老師 | D50: andy1994x | E50: 4017891221 | F50: 1 | G50: {=_xludf.XLOOKUP(D50,aisa200!D:D,aisa200!F:F,"")} -> #NAME? | H50: 391 | I50: 1241259 | J50: 57 | K50: https://www.instagram.com/andy1994x/ | O50: 趣味搞笑,表演藝術 | P50: 4477727
A51: 48 | B51: 愛里 | C51: 愛里 | D51: allie.liao | E51: 1962736611 | F51: g | G51: {=_xludf.XLOOKUP(D51,aisa200!D:D,aisa200!F:F,"")} -> #NAME? | H51: 180 | I51: 621595 | J51: 1325 | K51: https://www.instagram.com/allie.liao/ | O51: 知識教育,趣味搞笑 | P51: 1114973
A52: 49 | B52: 台灣吧 | C52: 臺灣吧 Taiwan Bar | D52: taiwan_bar | E52: 10724137476 | F52: 1 | G52: {=_xludf.XLOOKUP(D52,aisa200!D:D,aisa200!F:F,"")} -> #NAME? | H52: 656 | I52: 95629 | J52: 176 | K52: https://www.instagram.com/taiwan_bar/ | O52: 知識教育,理財創業 | P52: 1771947
A53: 50 | B53: 那些電影教我的事 | C53: 那些電影教我的事 | D53: lessonsfrommovies | E53: 485234984 | F53: 1 | G53: {=_xludf.XLOOKUP(D53,aisa200!D:D,aisa200!F:F,"")} -> #NAME? | H53: 6816 | I53: 1484140 | J53: 87 | K53: https://www.instagram.com/lessonsfrommovies/ | O53: 影視評論 | P53: 3868339
A54: 51 | B54: PopDaily | C54: PopDaily 波波黛莉的異想世界 | D54: popdaily | E54: 1612217393 | F54: 1 | G54: {=_xludf.XLOOKUP(D54,aisa200!D:D,aisa200!F:F,"")} -> #NAME? | H54: 9183 | I54: 556578 | J54: 20 | K54: https://www.instagram.com/popdaily/ | O54: 趣味搞笑 | P54: 2000074
A55: 52 | B55: 三原慧悟-Sanyuan_JAPAN | C55: 三原 慧悟/サンエン/Mr.3 | D55: sanyuan_japan | E55: 2036845994 | F55: 1 | G55: {=_xludf.XLOOKUP(D55,aisa200!D:D,aisa200!F:F,"")} -> #NAME? | H55: 1147 | I55: 229384 | J55: 595 | K55: https://www.instagram.com/sanyuan_japan/ | O55: 旅遊,趣味搞笑 | P55: 2189599
A56: 53 | B56: Jason-Chen-陳以桐 | C56: Jason Chen 陳以桐 | D56: jasondchen | E56: 32527641 | F56: 1 | G56: {=_xludf.XLOOKUP(D56,aisa200!D:D,aisa200!F:F,"")} -> #NAME? | H56: 3853 | I56: 2450201 | J56: 69 | K56: https://www.instagram.com/jasondchen/ | O56: 表演藝術 | P56: 5761767
A57: 54 | B57: Onion-man-洋蔥先生與阿文 | C57: 洋蔥先生與阿文 | D57: onionman__ | E57: 1981431196 | F57: g | G57: {=_xludf.XLOOKUP(D57,aisa200!D:D,aisa200!F:F,"")} -> #NAME? | H57: 1177 | I57: 458424 | J57: 925 | K57: https://www.instagram.com/onionman__/ | O57: 表演藝術,趣味搞笑 | P57: 3134649
A58: 55 | B58: 阿啾繪圖同萌 | C58: 阿啾小劇場 | D58: achusan0817 | E58: 2214961036 | F58: 1 | G58: {=_xludf.XLOOKUP(D58,aisa200!D:D,aisa200!F:F,"")} -> #NAME? | H58: 583 | I58: 221635 | J58: 217 | K58: https://www.instagram.com/achusan0817/ | O58: 表演藝術,趣味搞笑 | P58: 2062039
A59: 55 | B59: 阿啾繪圖同萌 | C59: 劉啾慶 | D59: achu08177 | E59: 6183789581 | F59: 1 | G59: {=_xludf.XLOOKUP(D59,aisa200!D:D,aisa200!F:F,"")} -> #NAME? | H59: 113 | I59: 11113 | J59: 489 | K59: https://www.instagram.com/achu08177/ | O59: 表演藝術,趣味搞笑 | P59: 2062039
A60: 56 | B60: 閃電狼Flash-Wolves | C60: FlashWolves 閃電狼 | D60: flashwolves2013 | E60: 3882104752 | F60: 1 | G60: {=_xludf.XLOOKUP(D60,aisa200!D:D,aisa200!F:F,"")} -> #NAME? | H60: 5489 | I60: 100432 | J60: 96 | K60: https://www.instagram.com/flashwolves2013/ | O60: 遊戲電玩 | P60: 508753
A61: 57 | B61: 白癡公主 | C61: 白癡公主 | D61: 87acup | E61: 323227199 | F61: 1 | G61: {=_xludf.XLOOKUP(D61,aisa200!D:D,aisa200!F:F,"")} -> #NAME? | H61: 1801 | I61: 1002519 | J61: 515 | K61: https://www.instagram.com/87acup/ | O61: 趣味搞笑 | P61: 3798534
A62: 58 | B62: 健人蓋仇 | C62: 健人蓋伊 | D62: gu_yuze | E62: 2945747715 | F62: g | G62: {=_xludf.XLOOKUP(D62,aisa200!D:D,aisa200!F:F,"")} -> #NAME? | H62: 829 | I62: 262770 | J62: 827 | K62: https://www.instagram.com/gu_yuze/ | O62: 運動健身 | P62: 1495592
A63: 59 | B63: Patrick-派翠克 | C63: ⭐️Patrick 派翠克⭐️ | D63: patrickliu0721 | E63: 564962343 | F63: 1 | G63: {=_xludf.XLOOKUP(D63,aisa200!D:D,aisa200!F:F,"")} -> #NAME? | H63: 888 | I63: 308928 | J63: 566 | K63: https://www.instagram.com/patrickliu0721/ | O63: 趣味搞笑 | P63: 771016
A64: 60 | B64: 莊酷炫 | C64: 莊酷炫 | D64: kevin0204660 | E64: 1247496433 | F64: g | G64: {=_xludf.XLOOKUP(D64,aisa200!D:D,aisa200!F:F,"")} -> #NAME? | H64: 3201 | I64: 451000 | J64: 4255 | K64: https://www.instagram.com/kevin0204660/ | O64: 趣味搞笑 | P64: 1476451
A65: 61 | B65: Six-Wang | C65: Six Wang | D65: 6tan | E65: 144080454 | F65: 1 | G65: {=_xludf.XLOOKUP(D65,aisa200!D:D,aisa200!F:F,"")} -> #NAME? | H65: 2155 | I65: 236458 | J65: 447 | K65: https://www.instagram.com/6tan/ | O65: 遊戲電玩 | P65: 718179
A66: 62 | B66: 蘿潔塔的廚房 | C66: 蘿潔塔的廚房 | D66: rosalina.kitchen | E66: 2319795781 | F66: 1 | G66: {=_xludf.XLOOKUP(D66,aisa200!D:D,aisa200!F:F,"")} -> #NAME? | H66: 389 | I66: 161521 | J66: 36 | K66: https://www.instagram.com/rosalina.kitchen/ | O66: 美食料理,帶貨分潤 | P66: 3120115
A67: 63 | B67: 孫生 | C67: 孫泩 | D67: soon6669 | E67: 6023506533 | F67: g | G67: {=_xludf.XLOOKUP(D67,aisa200!D:D,aisa200!F:F,"")} -> #NAME? | H67: 1839 | I67: 368477 | J67: 1133 | K67: https://www.instagram.com/soon6669/ | O67: 趣味搞笑 | P67: 966105
A68: 64 | B68: 超認真少年-I'm-Serious | C68: 超認真少年 | D68: imseriou | E68: 8743462644 | F68: g | G68: {=_xludf.XLOOKUP(D68,aisa200!D:D,aisa200!F:F,"")} -> #NAME? | H68: 1529 | I68: 138411 | J68: 751 | K68: https://www.instagram.com/imseriou/ | O68: 知識教育 | P68: 1218277
A69: 65 | B69: 辣媽Shania | C69: 辣媽Shania | D69: lamashania | E69: 331734673 | F69: 1 | G69: {=_xludf.XLOOKUP(D69,aisa200!D:D,aisa200!F:F,"")} -> #NAME? | H69: 797 | I69: 76496 | J69: 416 | K69: https://www.instagram.com/lamashania/ | O69: 美食料理 | P69: 699785
A70: 66 | B70: Lilyflute長笛姐姐 | C70: 長笛姐姐🪄Lily Flute | D70: lilyflute | E70: 2926479106 | F70: 1 | G70: {=_xludf.XLOOKUP(D70,aisa200!D:D,aisa200!F:F,"")} -> #NAME? | H70: 2917 | I70: 150544 | J70: 440 | K70: https://www.instagram.com/lilyflute/ | O70: 表演藝術 | P70: 567551
A71: 67 | B71: Bonjour-Louis!-我是路易 | C71: Bonjour Louis! 我是路易 | D71: bonjour.louis | E71: 333041115 | F71: 1 | G71: {=_xludf.XLOOKUP(D71,aisa200!D:D,aisa200!F:F,"")} -> #NAME? | H71: 864 | I71: 285491 | J71: 392 | K71: https://www.instagram.com/bonjour.louis/ | O71: 旅遊 | P71: 893167
A72: 68 | B72: 李恩菲x菲菲 | C72: LUVSSI ⋆李恩菲x菲菲Aviva🪽 | D72: aviva_1028 | E72: 396335627 | F72: g | G72: {=_xludf.XLOOKUP(D72,aisa200!D:D,aisa200!F:F,"")} -> #NAME? | H72: 1531 | I72: 458145 | J72: 980 | K72: https://www.instagram.com/aviva_1028/ | O72: 運動健身,表演藝術 | P72: 710364
A73: 69 | B73: 羚小鹿 | C73: YING 林岱縈 | D73: daiying0 | E73: 594657 | F73: g | G73: {=_xludf.XLOOKUP(D73,aisa200!D:D,aisa200!F:F,"")} -> #NAME? | H73: 914 | I73: 353699 | J73: 627 | K73: https://www.instagram.com/daiying0/ | O73: 美妝保養,旅遊,表演藝術 | P73: 835962
A74: 70 | B74: 虎麗笑嗨嗨 | C74: 虎麗笑嗨嗨 高雄美食 | D74: hooleefun | E74: 987577757 | F74: 1 | G74: {=_xludf.XLOOKUP(D74,aisa200!D:D,aisa200!F:F,"")} -> #NAME? | H74: 3628 | I74: 285219 | J74: 76 | K74: https://www.instagram.com/hooleefun/ | O74: 美食料理 | P74: 597490
A75: 71 | B75: 林淑芬2.0 | C75: C D H｜林淑芬 | D75: 0_shufen | E75: 2616472977 | F75: 1 | G75: {=_xludf.XLOOKUP(D75,aisa200!D:D,aisa200!F:F,"")} -> #NAME? | H75: 1371 | I75: 883571 | J75: 547 | K75: https://www.instagram.com/0_shufen/ | O75: 綜合其他 | P75: 1305884
A76: 72 | B76: 紫玥桃 | C76: 紫玥桃 Cosplay | D76: skauramomo | E76: 515352630 | F76: g | G76: {=_xludf.XLOOKUP(D76,aisa200!D:D,aisa200!F:F,"")} -> #NAME? | H76: 0 | I76: 0 | J76: 0 | K76: https://www.instagram.com/skauramomo/ | O76: 時尚潮流,表演藝術 | P76: 669630
A77: 73 | B77: 黃山料 | C77: 黃山料 | D77: iam_3636 | E77: 1269919808 | F77: 1 | G77: {=_xludf.XLOOKUP(D77,aisa200!D:D,aisa200!F:F,"")} -> #NAME? | H77: 313 | I77: 390092 | J77: 1 | K77: https://www.instagram.com/iam_3636/ | O77: 時事討論 | P77: 815690
A78: 74 | B78: 木曜4超玩 | C78: 木曜4超玩 | D78: muyao4 | E78: 5422332449 | F78: 1 | G78: {=_xludf.XLOOKUP(D78,aisa200!D:D,aisa200!F:F,"")} -> #NAME? | H78: 817 | I78: 342007 | J78: 71 | K78: https://www.instagram.com/muyao4/ | O78: 旅遊 | P78: 3232620
A79: 75 | B79: 妮妮-Nini | C79: Nini 妮妮 | D79: nini_food0822 | E79: 563340443 | F79: g | G79: {=_xludf.XLOOKUP(D79,aisa200!D:D,aisa200!F:F,"")} -> #NAME? | H79: 2892 | I79: 573741 | J79: 2827 | K79: https://www.instagram.com/nini_food0822/ | O79: 時尚潮流,美食料理 | P79: 742426
A80: 76 | B80: 魚乾 | C80: 魚乾 | D80: annie72127 | E80: 310596431 | F80: 1 | G80: {=_xludf.XLOOKUP(D80,aisa200!D:D,aisa200!F:F,"")} -> #NAME? | H80: 1809 | I80: 350257 | J80: 500 | K80: https://www.instagram.com/annie72127/ | O80: 寵物,遊戲電玩,趣味搞笑 | P80: 2021046
A81: 77 | B81: 見習網美小吳 | C81: 見習網美小吳 | D81: beauty___wu | E81: 264560267 | F81: g | G81: {=_xludf.XLOOKUP(D81,aisa200!D:D,aisa200!F:F,"")} -> #NAME? | H81: 1739 | I81: 760960 | J81: 770 | K81: https://www.instagram.com/beauty___wu/ | O81: 美妝保養,趣味搞笑 | P81: 2449361
A82: 78 | B82: 艾爾文 | C82: 艾爾文 | D82: alvin701 | E82: 1972535324 | F82: 1 | G82: {=_xludf.XLOOKUP(D82,aisa200!D:D,aisa200!F:F,"")} -> #NAME? | H82: 1329 | I82: 187869 | J82: 142 | K82: https://www.instagram.com/alvin701/ | O82: 知識教育 | P82: 1564384
A83: 79 | B83: 志祺七七 | C83: 志祺 | D83: shasha77.daily | E83: 7011513421 | F83: 1 | G83: {=_xludf.XLOOKUP(D83,aisa200!D:D,aisa200!F:F,"")} -> #NAME? | H83: 1093 | I83: 238862 | J83: 552 | K83: https://www.instagram.com/shasha77.daily/ | O83: 知識教育,時事討論,高階經理人 | P83: 1930515
A84: 80 | B84: 欸你這週要幹嘛 | C84: 欸你這週要幹嘛 | D84: arielsvlog_816 | E84: 8320554996 | F84: 1 | G84: {=_xludf.XLOOKUP(D84,aisa200!D:D,aisa200!F:F,"")} -> #NAME? | H84: 1411 | I84: 708449 | J84: 473 | K84: https://www.instagram.com/arielsvlog_816/ | O84: 趣味搞笑 | P84: 2337506
A85: 81 | B85: PEETA葛格 | C85: PEETA葛格 | D85: peeta.gege | E85: 255612709 | G85: {=_xludf.XLOOKUP(D85,aisa200!D:D,aisa200!F:F,"")} -> #NAME? | H85: 873 | I85: 267433 | J85: 1832 | K85: https://www.instagram.com/peeta.gege/ | O85: 運動健身 | P85: 1227284
A86: 82 | B86: 咪妃Julia | C86: 咪妃（榴槤姊姊） | D86: juliamisakii | E86: 646090220 | F86: 1 | G86: {=_xludf.XLOOKUP(D86,aisa200!D:D,aisa200!F:F,"")} -> #NAME? | H86: 1800 | I86: 432539 | J86: 579 | K86: https://www.instagram.com/juliamisakii/ | O86: 遊戲電玩,表演藝術,趣味搞笑 | P86: 1409063
A87: 83 | B87: 呱吉 | C87: 呱吉 | D87: froggychiu | E87: 143625 | F87: g | G87: {=_xludf.XLOOKUP(D87,aisa200!D:D,aisa200!F:F,"")} -> #NAME? | H87: 985 | I87: 338714 | J87: 726 | K87: https://www.instagram.com/froggychiu/ | O87: 趣味搞笑,時事討論 | P87: 1402647
A88: 84 | B88: 莊政威-Cliff-Chuang | C88: 克里夫三 | D88: cliffchuang3 | E88: 6994695601 | F88: 1 | G88: {=_xludf.XLOOKUP(D88,aisa200!D:D,aisa200!F:F,"")} -> #NAME? | H88: 892 | I88: 56940 | J88: 198 | K88: https://www.instagram.com/cliffchuang3/ | O88: 汽機車 | P88: 478690
A89: 85 | B89: 漢娜在翻譯 | C89: Hanna はんな｜漢娜在翻譯 | D89: hannainjp | E89: 212901855 | F89: 1 | G89: {=_xludf.XLOOKUP(D89,aisa200!D:D,aisa200!F:F,"")} -> #NAME? | H89: 1473 | I89: 205261 | J89: 243 | K89: https://www.instagram.com/hannainjp/ | O89: 旅遊 | P89: 500526
A90: 86 | B90: Ru's-Piano-Ru味春捲 | C90: Ru味春捲Ru's Piano | D90: ruruspiano | E90: 589042879 | F90: g | G90: {=_xludf.XLOOKUP(D90,aisa200!D:D,aisa200!F:F,"")} -> #NAME? | H90: 1350 | I90: 221940 | J90: 697 | K90: https://www.instagram.com/ruruspiano/ | O90: 表演藝術 | P90: 3019262
A91: 87 | B91: P.LEAGUE | C91: P. LEAGUE+ | D91: p.league.official | E91: 39431801958 | F91: 1 | G91: {=_xludf.XLOOKUP(D91,aisa200!D:D,aisa200!F:F,"")} -> #NAME? | H91: 13237 | I91: 151837 | J91: 16 | K91: https://www.instagram.com/p.league.official/ | O91: 運動健身 | P91: 593134
A92: 88 | B92: HahaTai-哈哈台 | C92: HahaTai 哈哈台 | D92: hahatai_official | E92: 2373420238 | F92: g | G92: {=_xludf.XLOOKUP(D92,aisa200!D:D,aisa200!F:F,"")} -> #NAME? | H92: 2719 | I92: 335359 | J92: 1092 | K92: https://www.instagram.com/hahatai_official/ | O92: 趣味搞笑 | P92: 2011525
A93: 89 | B93: A力地方媽媽 | C93: 地方媽媽A力 | D93: local_mom_ellie | E93: 13854284478 | F93: g | G93: {=_xludf.XLOOKUP(D93,aisa200!D:D,aisa200!F:F,"")} -> #NAME? | H93: 1460 | I93: 105691 | J93: 18 | K93: https://www.instagram.com/local_mom_ellie/ | O93: 運動健身,美食料理 | P93: 683065
A94: 90 | B94: Ines-Wang | C94: 王以甯 𝙸 𝙽 𝙴 𝚂 | D94: inesinesw | E94: 330953157 | F94: g | G94: {=_xludf.XLOOKUP(D94,aisa200!D:D,aisa200!F:F,"")} -> #NAME? | H94: 5694 | I94: 296216 | J94: 813 | K94: https://www.instagram.com/inesinesw/ | O94: 美妝保養,時尚潮流,帶貨分潤 | P94: 1024337
A95: 91 | B95: 豪吃來吃 | C95: 豪吃來吃 ｜高雄 嘉義 台南 台中 美食 旅遊 住宿 | D95: howeat219 | E95: 4029942073 | F95: 1 | G95: {=_xludf.XLOOKUP(D95,aisa200!D:D,aisa200!F:F,"")} -> #NAME? | H95: 3341 | I95: 188512 | J95: 219 | K95: https://www.instagram.com/howeat219/ | O95: 美食料理 | P95: 428196
A96: 92 | B96: 依梨 | C96: 依梨🐰 | D96: lebaby0v0 | E96: 334198510 | F96: 1 | G96: {=_xludf.XLOOKUP(D96,aisa200!D:D,aisa200!F:F,"")} -> #NAME? | H96: 551 | I96: 536194 | J96: 196 | K96: https://www.instagram.com/lebaby0v0/ | O96: 時尚潮流,遊戲電玩 | P96: 3025968
A97: 93 | B97: 周小葳 | C97: 葳老闆｜周品均 | D97: mayukichou | E97: 18346291 | F97: g | G97: {=_xludf.XLOOKUP(D97,aisa200!D:D,aisa200!F:F,"")} -> #NAME? | H97: 8861 | I97: 309258 | J97: 1748 | K97: https://www.instagram.com/mayukichou/ | O97: 時尚潮流,高階經理人 | P97: 635420
A98: 94 | B98: Irene-林艾融 | C98: 林艾融 | D98: irenelin0413 | E98: 336804104 | F98: g | G98: {=_xludf.XLOOKUP(D98,aisa200!D:D,aisa200!F:F,"")} -> #NAME? | H98: 2074 | I98: 502743 | J98: 1300 | K98: https://www.instagram.com/irenelin0413/ | O98: 美妝保養,時尚潮流 | P98: 1088905
A99: 95 | B99: BBpPro-Lin-Ching-Chieh-林敬傑 | C99: 超級熱狗王 林敬傑 IFBB PRO | D99: ackj0301_ifbbpro | E99: 356292460 | F99: 1 | G99: {=_xludf.XLOOKUP(D99,aisa200!D:D,aisa200!F:F,"")} -> #NAME? | H99: 1397 | I99: 264414 | J99: 326 | K99: https://www.instagram.com/ackj0301_ifbbpro/ | O99: 運動健身 | P99: 561967
A100: 96 | B100: Emma艾瑪 | C100: Emma 艾瑪 | D100: xollox121 | E100: 255423608 | F100: g | G100: {=_xludf.XLOOKUP(D100,aisa200!D:D,aisa200!F:F,"")} -> #NAME? | H100: 1901 | I100: 206043 | J100: 950 | K100: https://www.instagram.com/xollox121/ | O100: 運動健身 | P100: 2020054
...

Sheet aisa200
A1: Aisa_Order | B1: person_name | C1: ig_name | D1: ig_id | E1: ig_strong_id | F1: posts | G1: Followers | H1: Following | I1: ig_url | J1: category
A2: 1 | B2: 蔡阿嘎 | C2: 蔡阿嘎 | D2: yga0721 | E2: 45717781 | F2: 8178 | G2: 1495461 | H2: 501 | I2: https://www.instagram.com/yga0721/ | J2: 趣味搞笑
A3: 2 | B3: Joeman | C3: Joeman 九妹 | D3: joemanweng | E3: 360484090 | F3: 1615 | G3: 666819 | H3: 996 | I3: https://www.instagram.com/joemanweng/ | J3: 美食料理,3C科技,趣味搞笑
A4: 3 | B4: 黃阿瑪的後宮生活 | C4: 黃阿瑪的後宮生活 | D4: fumeancat | E4: 1399123752 | F4: 4550 | G4: 1050878 | H4: 159 | I4: https://www.instagram.com/fumeancat/ | J4: 寵物
A5: 4 | B5: 千千進食中 | C5: 千千 | D5: khshu_ | E5: 254432523 | F5: 1002 | G5: 891802 | H5: 974 | I5: https://www.instagram.com/khshu_/ | J5: 美食料理
A6: 5 | B6: 小象愛出門 | C6: 小象愛出門 | D6: elephant_gogo | E6: 484667815 | F6: 1888 | G6: 183273 | H6: 1129 | I6: https://www.instagram.com/elephant_gogo/ | J6: 美食料理,旅遊
A7: 6 | B7: 那對夫妻 | C7: 那對夫妻Nico&Kim | D7: 1006nk | E7: 1701651749 | F7: 3146 | G7: 1030978 | H7: 3 | I7: https://www.instagram.com/1006nk/ | J7: 趣味搞笑,家庭母嬰,表演藝術
A8: 7 | B8: How-Fun-如何爽 | C8: HowHow | D8: howhowhasfriends | E8: 6505088311 | F8: 1921 | G8: 523443 | H8: 103 | I8: https://www.instagram.com/howhowhasfriends | J8: 趣味搞笑
A9: 8 | B9: PanSci-泛科學 | C9: PanSci 泛科學 | D9: pansci | E9: 1455058965 | F9: 1453 | G9: 283652 | H9: 399 | I9: https://www.instagram.com/pansci/ | J9: 知識教育
A10: 9 | B10: 一隻阿圓 | C10: 一隻阿圓 | D10: nanaciaociao | E10: 313471712 | F10: 3373 | G10: 563686 | H10: 593 | I10: https://www.instagram.com/nanaciaociao/ | J10: 美妝保養,時尚潮流,旅遊
A11: 10 | B11: 欸你這週要幹嘛 | C11: 欸你這週要幹嘛 | D11: arielsvlog_816 | E11: 8320554996 | F11: 1411 | G11: 708449 | H11: 473 | I11: https://www.instagram.com/arielsvlog_816/ | J11: 趣味搞笑
A12: 11 | B12: 77老大 | C12: 77老大 | D12: basil_77777 | E12: 5393203387 | F12: 1054 | G12: 395721 | H12: 591 | I12: https://www.instagram.com/zamy_ding/ | J12: 醫療健康,知識教育
A13: 12 | B13: 那個女生-Kiki | C13: 那個女生Kiki | D13: minikiki_0529 | E13: 6204281058 | F13: 1099 | G13: 289658 | H13: 511 | I13: https://www.instagram.com/minikiki_0529/ | J13: 美食料理,知識教育
... A15: 14 | B15: 好味小姐 | C15: 好味小姐與蛋捲,短褲,麻糊,米香,橘皮,本丸,圓仔,More | D15: ladyflavor | E15: 3417748590 | F15: 2094 | G15: 395768 | H15: 112 | I15: https://www.instagram.com/ladyflavor/ | J15: 美食料理,寵物
A16: 14 | B16: 好味小姐 | C16: 好味小姐脆脆 | D16: ladyflavor_cui | E16: 3656815405 | F16: 1378 | G16: 369611 | H16: 122 | I16: https://www.instagram.com/ladyflavor_cui/
A17: 14 | B17: 好味小姐 | C17: 好味小姐腦波弱跟Podcast | D17: ladyflavor_nowpo | E17: 53675526308 | F17: 472 | G17: 205735 | H17: 9 | I17: https://www.instagram.com/ladyflavor_nowpo/
A18: 15 | B18: 廉傑克曼 | C18: 張廉傑 RJ / 阿傑 | D18: jaychang0127 | E18: 328078093 | F18: 1855 | G18: 415002 | H18: 4032 | I18: https://www.instagram.com/jaychang0127/ | J18: 遊戲電玩
A19: 16 | B19: 江老師 | C19: 我是江老師 | D19: teacherchiang | E19: 30136496472 | F19: 1922 | G19: 308786 | H19: 624 | I19: https://www.instagram.com/teacherchiang | J19: 表演藝術,時尚潮流,家庭母嬰
A20: 17 | B20: 那些電影教我的事 | C20: 那些電影教我的事 | D20: lessonsfrommovies | E20: 485234984 | F20: 6816 | G20: 1484140 | H20: 87 | I20: https://www.instagram.com/lessonsfrommovies/ | J20: 影視評論
A21: 18 | B21: 豆漿--Soybean-Milk | C21: 豆漿-SoybeanMilk | D21: soybeanmilk_cat | E21: 5556187464 | F21: 2242 | G21: 433921 | H21: 34 | I21: https://www.instagram.com/soybeanmilk_cat/ | J21: 寵物
A22: 19 | B22: Onion-man-洋蔥先生與阿文 | C22: 洋蔥先生與阿文 | D22: onionman__ | E22: 1981431196 | F22: 1177 | G22: 458424 | H22: 925 | I22: https://www.instagram.com/onionman__/ | J22: 表演藝術,趣味搞笑
A23: 20 | B23: 人類超有病-Baxuan | C23: 霸軒BAXUAN | D23: baxuan_ig | E23: 1959578996 | F23: 1066 | G23: 742233 | H23: 2830 | I23: https://www.instagram.com/baxuan_ig/ | J23: 表演藝術,趣味搞笑
A24: 21 | B24: 大蛇丸 | C24: 大蛇丸 | D24: jam_cutepig | E24: 2214964723 | F24: 882 | G24: 551530 | H24: 390 | I24: https://www.instagram.com/jam_cutepig/ | J24: 趣味搞笑
A25: 22 | B25: Andy老師 | C25: Andy老師 | D25: andy1994x | E25: 4017891221 | F25: 391 | G25: 1241259 | H25: 57 | I25: https://www.instagram.com/andy1994x/ | J25: 趣味搞笑,表演藝術
A26: 23 | B26: 超認真少年-I'm-Serious | C26: 超認真少年 | D26: imseriou | E26: 8743462644 | F26: 1529 | G26: 138411 | H26: 751 | I26: https://www.instagram.com/imseriou/ | J26: 知識教育
A27: 24 | B27: 三原慧悟-Sanyuan_JAPAN | C27: 三原 慧悟/サンエン/Mr.3 | D27: sanyuan_japan | E27: 2036845994 | F27: 1147 | G27: 229384 | H27: 595 | I27: https://www.instagram.com/sanyuan_japan/ | J27: 旅遊,趣味搞笑
A28: 25 | B28: 貓貓蟲-咖波 | C28: Bugcat Capoo | D28: bugcat_capoo | E28: 2122019014 | F28: 1735 | G28: 2136350 | H28: 291 | I28: https://www.instagram.com/bugcat_capoo/ | J28: 表演藝術
A29: 26 | B29: Ian&Eric | C29: The DoDo Men - 嘟嘟人 | D29: thedodomen | E29: 22597217534 | F29: 1101 | G29: 609185 | H29: 482 | I29: https://www.instagram.com/thedodomen/ | J29: 旅遊,趣味搞笑
A30: 27 | B30: 黃氏兄弟 | C30: 黃氏兄弟 | D30: huangbrotherss | E30: 6231869789 | F30: 476 | G30: 454084 | H30: 2 | I30: https://www.instagram.com/huangbrotherss/ | J30: 趣味搞笑,表演藝術
A31: 28 | B31: 我得了一種吃菜就會死的病-微疼 | C31: 微疼 | D31: weiteng0710 | E31: 1325089238 | F31: 1429 | G31: 322374 | H31: 1071 | I31: ="https://www.instagram.com/"& D31&"/" -> https://www.instagram.com/weiteng0710/ | J31: 表演藝術,趣味搞笑
A32: 29 | B32: 琳妲-林羿禎 | C32: 琳妲-林羿禎💕 | D32: linda831212 | E32: 262292089 | F32: 5232 | G32: 1036871 | H32: 2416 | I32: https://www.instagram.com/linda831212/ | J32: 表演藝術,趣味搞笑
A33: 30 | B33: 白癡公主 | C33: 白癡公主 | D33: 87acup | E33: 323227199 | F33: 1801 | G33: 1002519 | H33: 515 | I33: https://www.instagram.com/87acup/ | J33: 趣味搞笑
A34: 31 | B34: KEOKI-BLACK布萊克薛薛 | C34: 布萊克薛薛Drangadrang | D34: k3okii | E34: 192726292 | F34: 1396 | G34: 232109 | H34: 389 | I34: https://www.instagram.com/k3okii/ | J34: 旅遊,美食料理
A35: 32 | B35: 厭世甜點店 | C35: 厭世甜點店 | D35: energydessert2019 | E35: 11941118848 | F35: 1266 | G35: 145675 | H35: 494 | I35: ="https://www.instagram.com/"& D35&"/" -> https://www.instagram.com/energydessert2019/ | J35: 美食料理
A36: 33 | B36: 陳彥婷 | C36: 陳彥婷 Tiffany | D36: thetiffanychen | E36: 4053642540 | F36: 2147 | G36: 642973 | H36: 352 | I36: https://www.instagram.com/thetiffanychen/ | J36: 趣味搞笑
A37: 34 | B37: 魚乾 | C37: 魚乾 | D37: annie72127 | E37: 310596431 | F37: 1809 | G37: 350257 | H37: 500 | I37: https://www.instagram.com/annie72127/ | J37: 寵物,遊戲電玩,趣味搞笑
A38: 35 | B38: 志祺七七 | C38: 志祺 | D38: shasha77.daily | E38: 7011513421 | F38: 1093 | G38: 238862 | H38: 552 | I38: https://www.instagram.com/shasha77.daily/ | J38: 知識教育,時事討論,高階經理人
A39: 36 | B39: HOOK | C39: HOOK | D39: helloiamhook | E39: 6666970922 | F39: 1154 | G39: 648553 | H39: 448 | I39: https://www.instagram.com/helloiamhook/ | J39: 寵物,旅遊,美食料理
A40: 37 | B40: 木曜4超玩 | C40: 木曜4超玩 | D40: muyao4 | E40: 5422332449 | F40: 817 | G40: 342007 | H40: 71 | I40: https://www.instagram.com/muyao4/ | J40: 旅遊
A41: 38 | B41: 丹妮婊姐 | C41: 丹妮婊姐星球 | D41: dannybeeech | E41: 1387337609 | F41: 1232 | G41: 257954 | H41: 2 | I41: https://www.instagram.com/dannybeeech/ | J41: 美妝保養,時尚潮流,趣味搞笑
A42: 39 | B42: 泱泱LYNN | C42: 泱泱LYNN | D42: lynnwu0219_2 | E42: 47642521277 | F42: 21 | G42: 76276 | H42: 93 | I42: https://www.instagram.com/lynnwu0219_2/ | J42: 帶貨分潤
A43: 40 | B43: HahaTai-哈哈台 | C43: HahaTai 哈哈台 | D43: hahatai_official | E43: 2373420238 | F43: 2719 | G43: 335359 | H43: 1092 | I43: https://www.instagram.com/hahatai_official/ | J43: 趣味搞笑
A44: 41 | B44: 丁特-Dinter | C44: 丁特頻道 | D44: dinter_1126 | E44: 3318362924 | F44: 407 | G44: 198349 | H44: 1034 | I44: https://www.instagram.com/dinteroffical/ | J44: 遊戲電玩
A45: 42 | B45: 彼得爸與蘇珊媽 | C45: 彼得爸與蘇珊媽 | D45: peter_and_susan | E45: 22917989 | F45: 3181 | G45: 115573 | H45: 1267 | I45: https://www.instagram.com/peter_and_susan/ | J45: 旅遊,家庭母嬰,帶貨分潤
A46: 43 | B46: 阿翰po影片 | C46: 阿翰po影片 | D46: hanhanpovideo | E46: 6033704723 | F46: 714 | G46: 663533 | H46: 1782 | I46: https://www.instagram.com/hanhanpovideo/ | J46: 趣味搞笑
A47: 44 | B47: 愛里 | C47: 愛里 | D47: allie.liao | E47: 1962736611 | F47: 180 | G47: 621595 | H47: 1325 | I47: https://www.instagram.com/allie.liao/ | J47: 知識教育,趣味搞笑
A48: 45 | B48: 這群人-尼克 | C48: 尼克 王士維 | D48: nickwang1988 | E48: 1566811610 | F48: 2358 | G48: 422848 | H48: 646 | I48: ="https://www.instagram.com/"& D48&"/" -> https://www.instagram.com/nickwang1988/ | J48: 趣味搞笑,表演藝術
A49: 46 | B49: 蔡桃貴 | C49: 蔡桃貴 | D49: tsaigray2018 | E49: 8047388429 | F49: 4238 | G49: 1150147 | H49: 61 | I49: https://www.instagram.com/tsaigray2018/ | J49: 家庭母嬰,趣味搞笑
A50: 47 | B50: Ru's-Piano-Ru味春捲 | C50: Ru味春捲Ru's Piano | D50: ruruspiano | E50: 589042879 | F50: 1350 | G50: 221940 | H50: 697 | I50: https://www.instagram.com/ruruspiano/ | J50: 表演藝術
A51: 48 | B51: 阿啾繪圖同萌 | C51: 阿啾小劇場 | D51: achusan0817 | E51: 2214961036 | F51: 583 | G51: 221635 | H51: 217 | I51: https://www.instagram.com/achusan0817/ | J51: 表演藝術,趣味搞笑
A52: 48 | B52: 阿啾繪圖同萌 | C52: 劉啾慶 | D52: achu08177 | E52: 6183789581 | F52: 113 | G52: 11113 | H52: 489 | I52: https://www.instagram.com/achu08177/ | J52: 表演藝術,趣味搞笑
A53: 49 | B53: 黃大謙 | C53: 黃大謙 | D53: da_chien_huang | E53: 40500436 | F53: 493 | G53: 522301 | H53: 493 | I53: ="https://www.instagram.com/"& D53&"/" -> https://www.instagram.com/da_chien_huang/ | J53: 趣味搞笑
A54: 50 | B54: 愛莉莎莎-Alisasa | C54: 愛莉莎莎Alisasa 🐨 | D54: goodalicia | E54: 328949039 | F54: 1637 | G54: 615843 | H54: 1279 | I54: https://www.instagram.com/goodalicia/ | J54: 美妝保養,時尚潮流
A55: 51 | B55: 見習網美小吳 | C55: 見習網美小吳 | D55: beauty___wu | E55: 264560267 | F55: 1739 | G55: 760960 | H55: 770 | I55: https://www.instagram.com/beauty___wu/ | J55: 美妝保養,趣味搞笑
A56: 52 | B56: Charlene-Liu-查理 | C56: Charlene Liu 查理 | D56: coindevanity | E56: 603730248 | F56: 2880 | G56: 344198 | H56: 1016 | I56: https://www.instagram.com/coindevanity/ | J56: 美妝保養,時尚潮流,旅遊
A57: 53 | B57: PEETA葛格 | C57: PEETA葛格 | D57: peeta.gege | E57: 255612709 | F57: 873 | G57: 267433 | H57: 1832 | I57: https://www.instagram.com/peeta.gege/ | J57: 運動健身
A58: 54 | B58: 波蘭女孩x台灣男孩-在家環遊世界 | C58: Mila Sky | D58: milasky_love | E58: 7958155041 | F58: 600 | G58: 115072 | H58: 1042 | I58: ="https://www.instagram.com/"& D58&"/" -> https://www.instagram.com/milasky_love/ | J58: 旅遊,美食料理
A59: 55 | B59: 連環泡有芒果 | C59: 連環泡有芒果 | D59: corgimango | E59: 1582312502 | F59: 2043 | G59: 218465 | H59: 10 | I59: ="https://www.instagram.com/"& D59&"/" -> https://www.instagram.com/corgimango/ | J59: 美食料理,寵物,趣味搞笑
A60: 56 | B60: Emma艾瑪 | C60: Emma 艾瑪 | D60: xollox121 | E60: 255423608 | F60: 1901 | G60: 206043 | H60: 950 | I60: https://www.instagram.com/xollox121/ | J60: 運動健身
A61: 57 | B61: Aries艾瑞絲 | C61: Aries艾瑞絲 | D61: aries_8248 | E61: 453456033 | F61: 2044 | G61: 779766 | H61: 943 | I61: https://www.instagram.com/aries_8248/ | J61: 美食料理,表演藝術,趣味搞笑
A62: 58 | B62: 蘿潔塔的廚房 | C62: 蘿潔塔的廚房 | D62: rosalina.kitchen | E62: 2319795781 | F62: 389 | G62: 161521 | H62: 36 | I62: https://www.instagram.com/rosalina.kitchen/ | J62: 美食料理,帶貨分潤
A63: 59 | B63: 瑀熙-Yuci | C63: 瑀熙Yuci🐻 | D63: uccu0323 | E63: 330362747 | F63: 2996 | G63: 1031037 | H63: 624 | I63: ="https://www.instagram.com/"& D63&"/" -> https://www.instagram.com/uccu0323/ | J63: 旅遊,遊戲電玩
A64: 60 | B64: 這群人TGOP | C64: 這群人 TGOP | D64: thisgroupofpeople | E64: 3179636262 | F64: 2377 | G64: 634322 | H64: 15 | I64: https://www.instagram.com/thisgroupofpeople/ | J64: 趣味搞笑
A65: 61 | B65: 3cTim哥生活的日常 | C65: Tim哥 | D65: 3ctim | E65: 51687345 | F65: 2926 | G65: 113102 | H65: 486 | I65: ="https://www.instagram.com/"& D65&"/" -> https://www.instagram.com/3ctim/ | J65: 3C科技
A66: 62 | B66: 百變沛莉-Peri | C66: 沛莉 Peri Chang | D66: peri168 | E66: 326186089 | F66: 4650 | G66: 160223 | H66: 1082 | I66: ="https://www.instagram.com/"& D66&"/" -> https://www.instagram.com/peri168/ | J66: 美妝保養,時尚潮流,家庭母嬰
A67: 63 | B67: 鹿人 | C67: 鹿人 | D67: twodeerman | E67: 1422088439 | F67: 922 | G67: 415007 | H67: 208 | I67: https://www.instagram.com/twodeerman/ | J67: 表演藝術,趣味搞笑
A68: 64 | B68: 關韶文 | C68: 關韶文 關關✨ | D68: ethan_kuan_kuan | E68: 270217123 | F68: 1929 | G68: 367960 | H68: 501 | I68: https://www.instagram.com/ethan_kuan_kuan/ | J68: 美妝保養,趣味搞笑,表演藝術
A69: 65 | B69: 健人蓋伊 | C69: 健人蓋伊 | D69: gu_yuze | E69: 2945747715 | F69: 829 | G69: 262770 | H69: 827 | I69: https://www.instagram.com/gu_yuze/ | J69: 運動健身
A70: 66 | B70: GINA-HELLO! | C70: GINA HELLO | D70: ginachiki | E70: 2368322 | F70: 7076 | G70: 525796 | H70: 447 | I70: ="https://www.instagram.com/"& D70&"/" -> https://www.instagram.com/ginachiki/ | J70: 美妝保養,時尚潮流,旅遊
A71: 67 | B71: 我是老爸-我不要當爸! | C71: 我是老爸，我不要當爸 | D71: daddy.iam | E71: 3638274950 | F71: 554 | G71: 102766 | H71: 301 | I71: https://www.instagram.com/daddy.iam/ | J71: 旅遊,美食料理
A72: 68 | B72: 蛋事超有事EggThings | C72: 蛋哥超有事EggThings | D72: egg_things | E72: 1298476942 | F72: 760 | G72: 230287 | H72: 106 | I72: ="https://www.instagram.com/"& D72&"/" -> https://www.instagram.com/egg_things/ | J72: 表演藝術
A73: 69 | B73: 雨揚樂活家族 | C73: 招財｜數字測驗 | D73: yu.young_fate | E73: 5545852629 | F73: 4261 | G73: 87182 | H73: 5 | I73: https://www.instagram.com/yu.young_fate/ | J73: 綜合其他
A74: 70 | B74: 肉比頭Zoebitalk | C74: 肉比頭#用奇怪方式環遊世界的情侶 | D74: zoebitalk | E74: 7376429059 | F74: 1370 | G74: 296415 | H74: 794 | I74: https://www.instagram.com/zoebitalk/ | J74: 旅遊,知識教育
A75: 71 | B75: 現在宅知道 | C75: 現在宅知道 | D75: cb.otaku | E75: 8390003630 | F75: 2536 | G75: 132212 | H75: 81 | I75: ="https://www.instagram.com/"& D75&"/" -> https://www.instagram.com/cb.otaku/ | J75: 遊戲電玩
A76: 72 | B76: 人生肥宅x尊 | C76: 人生肥宅x尊 | D76: loserzun | E76: 4099485887 | F76: 186 | G76: 432782 | H76: 58 | I76: https://www.instagram.com/loserzun/ | J76: 趣味搞笑,遊戲電玩
A77: 73 | B77: 啾啾妹-by-LIIN | C77: 啾啾妹 by LIIN | D77: chuchumei__ | E77: 1901574301 | F77: 1336 | G77: 542737 | H77: 217 | I77: ="https://www.instagram.com/"& D77&"/" -> https://www.instagram.com/chuchumei__/ | J77: 趣味搞笑,設計創作
A78: 74 | B78: 閃電狼Flash-Wolves | C78: FlashWolves 閃電狼 | D78: flashwolves2013 | E78: 3882104752 | F78: 5489 | G78: 100432 | H78: 96 | I78: https://www.instagram.com/flashwolves2013/ | J78: 遊戲電玩
A79: 75 | B79: 融融歷險記-Ben’s-Adventure | C79: Ben Wu 融融歷險記 | D79: benwoooo | E79: 191715892 | F79: 1485 | G79: 104492 | H79: 439 | I79: ="https://www.instagram.com/"& D79&"/" -> https://www.instagram.com/benwoooo/ | J79: 旅遊
A80: 76 | B80: 星期天 | C80: 星期天 Sunday | D80: sundayright_dub | E80: 1795150072 | F80: 1950 | G80: 180562 | H80: 1612 | I80: https://www.instagram.com/sundayright_dub/ | J80: 綜合其他
A81: 77 | B81: Yun-Chou | C81: Yun Chou | D81: riceandshine.co | E81: 851583 | F81: 2961 | G81: 834659 | H81: 993 | I81: https://www.instagram.com/riceandshine.co/ | J81: 家庭母嬰
A82: 78 | B82: MaoMaoTV | C82: MaoMaoTV | D82: maomaotv | E82: 52381245 | F82: 1847 | G82: 168451 | H82: 1061 | I82: ="https://www.instagram.com/"& D82&"/" -> https://www.instagram.com/maomaotv/ | J82: 旅遊
A83: 79 | B83: Evelyn-Chen-理科太太 | C83: Evelyn Chen 理科太太 | D83: liketaitai | E83: 7549469612 | F83: 700 | G83: 573035 | H83: 226 | I83: https://www.instagram.com/liketaitai/ | J83: 醫療健康,時事討論
A84: 80 | B84: 小A辣 | C84: 小A辣🌶️ | D84: ala780705 | E84: 5703523434 | F84: 1744 | G84: 354298 | H84: 1499 | I84: https://www.instagram.com/ala780705/ | J84: 趣味搞笑
A85: 81 | B85: 兔女狼 | C85: 兔女狼Rabbit& Wolf | D85: colorfulinsideus | E85: 6932460472 | F85: 603 | G85: 259315 | H85: 1508 | I85: ="https://www.instagram.com/"& D85&"/" -> https://www.instagram.com/colorfulinsideus/ | J85: 旅遊
A86: 82 | B86: 有璟妍精요찡옌찡 | C86: 有璟 요찡 🇰🇷 | D86: 602avenue | E86: 2258824753 | F86: 765 | G86: 216284 | H86: 664 | I86: ="https://www.instagram.com/"& D86&"/" -> https://www.instagram.com/602avenue/ | J86: 旅遊,美食料理
A87: 83 | B87: 滴妹 | C87: 滴妹 | D87: crown_du | E87: 212843255 | F87: 1173 | G87: 739639 | H87: 1635 | I87: https://www.instagram.com/crown_du/ | J87: 旅遊,美食料理,知識教育
A88: 84 | B88: 莫彩曦Hailey | C88: Hailey 莫彩曦 | D88: hailey_jane | E88: 15272541 | F88: 405 | G88: 347424 | H88: 266 | I88: ="https://www.instagram.com/"& D88&"/" -> https://www.instagram.com/hailey_jane/ | J88: 綜合其他
A89: 85 | B89: 星光奈奈 | C89: 星光奈奈 | D89: 5inana | E89: 4707330690 | F89: 302 | G89: 211320 | H89: 1 | I89: ="https://www.instagram.com/"& D89&"/" -> https://www.instagram.com/5inana/ | J89: 旅遊,表演藝術
A90: 86 | B90: Gary蓋瑞 | C90: Gary蓋瑞 | D90: gary.0917 | E90: 5489294244 | F90: 300 | G90: 160154 | H90: 180 | I90: ="https://www.instagram.com/"& D90&"/" -> https://www.instagram.com/gary.0917/ | J90: 遊戲電玩
A91: 87 | B91: Jason-Chen-陳以桐 | C91: Jason Chen 陳以桐 | D91: jasondchen | E91: 32527641 | F91: 3853 | G91: 2450201 | H91: 69 | I91: https://www.instagram.com/jasondchen/ | J91: 表演藝術
A92: 88 | B92: 台灣妞韓國媳 | C92: Taiwanniu | D92: taiwanniu421 | E92: 859326544 | F92: 1973 | G92: 121028 | H92: 945 | I92: ="https://www.instagram.com/"& D92&"/" -> https://www.instagram.com/taiwanniu421/ | J92: 美妝保養,旅遊,帶貨分潤
A93: 89 | B93: cheap-鄭才暐 | C93: 鄭才暐 | D93: cheapaoe | E93: 1752644498 | F93: 398 | G93: 24615 | H93: 527 | I93: https://www.instagram.com/cheapaoe/ | J93: 遊戲電玩,時事討論
A94: 90 | B94: 王宏哲教養、育兒寶典 | C94: 王宏哲教養育兒寶典 | D94: wanghungche | E94: 7967543867 | F94: 489 | G94: 139725 | H94: 224 | I94: ="https://www.instagram.com/"& D94&"/" -> https://www.instagram.com/wanghungche/ | J94: 家庭母嬰,知識教育,高階經理人
A95: 91 | B95: 小葵-XiaoKui | C95: 小葵 XiaoKui | D95: miao11255 | E95: 1673522323 | F95: 1374 | G95: 178445 | H95: 764 | I95: https://www.instagram.com/miao11255/ | J95: 遊戲電玩
A96: 92 | B96: High咖-邱志恒 | C96: ✨High咖-邱志恒✨嗨咖 | D96: children0704 | E96: 1393717829 | F96: 1196 | G96: 125363 | H96: 745 | I96: ="https://www.instagram.com/"& D96&"/" -> https://www.instagram.com/children0704/ | J96: 趣味搞笑
A97: 93 | B97: Lobo-蘿蔔 | C97: Lobo蘿蔔 | D97: lobo_is_good | E97: 5917730232 | F97: 1410 | G97: 78073 | H97: 44 | I97: ="https://www.instagram.com/"& D97&"/" -> https://www.instagram.com/lobo_is_good/ | J97: 遊戲電玩
A98: 94 | B98: 黃小米-Mii | C98: 黃小米 Mii | D98: lovemiihuang | E98: 593475086 | F98: 2940 | G98: 232488 | H98: 992 | I98: ="https://www.instagram.com/"& D98&"/" -> https://www.instagram.com/lovemiihuang/ | J98: 美妝保養,時尚潮流,旅遊
A99: 95 | B99: 鼻妹的廢話亂畫 | C99: 鼻妹 Bimay | D99: bimay_nagging | E99: 1324160468 | F99: 3766 | G99: 172773 | H99: 1276 | I99: ="https://www.instagram.com/"& D99&"/" -> https://www.instagram.com/bimay_nagging/ | J99: 表演藝術,趣味搞笑
A100: 96 | B100: Sandy-珊迪 | C100: Sandykaka 珊迪 | D100: sandykaka_ | E100: 2620202 | F100: 3279 | G100: 292906 | H100: 479 | I100: https://www.instagram.com/sandykaka_/ | J100: 美食料理,寵物,遊戲電玩
A101: 97 | B101: 魔術Channel---Davio | C101: 🎩Davio🎩 | D101: davio_magic | E101: 3025123501 | F101: 2093 | G101: 351680 | H101: 682 | I101: https://www.instagram.com/davio_magic/ | J101: 表演藝術
...

Sheet aisa500
A1: 編號 | B1: 網紅名稱 | C1: 領域 | D1: 總粉絲數 | E1: 總影響力 | F1: 總互動參與 | G1: 總內容關聯
A2: 1 | B2: 蔡阿嘎 | C2: 趣味搞笑 | D2: 5893570 | E2: 5 | F2: 5 | G2: 4.3
A3: 2 | B3: Joeman | C3: 美食料理,3C科技,趣味搞笑 | D3: 3987069 | E3: 4.9 | F3: 4.9 | G3: 4.5
A4: 3 | B4: 黃阿瑪的後宮生活 | C4: 寵物 | D4: 4118794 | E4: 5 | F4: 5 | G4: 4
A5: 4 | B5: 千千進食中 | C5: 美食料理 | D5: 3609387 | E5: 5 | F5: 5 | G5: 3.6
A6: 5 | B6: 小象愛出門 | C6: 美食料理,旅遊 | D6: 1160238 | E6: 4.6 | F6: 4.7 | G6: 4.2
A7: 6 | B7: 那對夫妻 | C7: 趣味搞笑,家庭母嬰,表演藝術 | D7: 4578282 | E7: 5 | F7: 4.1 | G7: 4.1
A8: 7 | B8: How Fun 如何爽 | C8: 趣味搞笑 | D8: 2758663 | E8: 5 | F8: 4.5 | G8: 3.5
A9: 8 | B9: PanSci 泛科學 | C9: 知識教育 | D9: 1900400 | E9: 4.9 | F9: 4.8 | G9: 3.5
A10: 9 | B10: 一隻阿圓 | C10: 美妝保養,時尚潮流,旅遊 | D10: 1734796 | E10: 4.5 | F10: 4.1 | G10: 4.7
A11: 10 | B11: 欸你這週要幹嘛 | C11: 趣味搞笑 | D11: 2339911 | E11: 4.9 | F11: 4.7 | G11: 3.2
A12: 11 | B12: 77老大 | C12: 醫療健康,知識教育 | D12: 2808129 | E12: 5 | F12: 4.7 | G12: 3
A13: 12 | B13: 那個女生 Kiki | C13: 美食料理,知識教育 | D13: 1793484 | E13: 4.7 | F13: 4.2 | G13: 4.1
... A501: 500 | B501: 布萊登 Brandon | C501: 趣味搞笑 | D501: 371583 | E501: 2 | F501: 3.2 | G501: 1.2

Sheet 影片檢核
B1: list_name_from_realFinal | C1: csv_name | D1: data_dir_exist | E1: lost_file | F1: meta_tool_num | I1: 個別檔案檢核
A2: 157 | B2: 0_shufen | C2: 0_shufen_20260302151127.csv | D2: FALSE | E2: 0 | F2: -1
A3: 184 | B3: 1_shiuan_0 | C3: 1_shiuan_0_20260302151127.csv | D3: TRUE | E3: 0 | F3: 62
A4: 15 | B4: 1006nk | C4: 1006nk_20260302151127.csv | D4: FALSE | E4: 0 | F4: -1
A5: 88 | B5: 1105ya | C5: 1105ya_20260302151127.csv | D5: FALSE | E5: 0 | F5: -1
A6: 97 | B6: 20141010hero | C6: 20141010hero_20260302151127.csv | D6: TRUE | E6: 0 | F6: 14
A7: 110 | B7: 2uncle987 | C7: 2uncle987_20260302151127.csv | D7: FALSE | E7: 0 | F7: -1
A8: 194 | B8: 3ctim | C8: 3ctim_20260302151127.csv | D8: FALSE | E8: 0 | F8: -1
A9: 149 | B9: 5inana | C9: 5inana_20260302151127.csv | D9: FALSE | E9: 0 | F9: -1
A10: 99 | B10: 602avenue | C10: 602avenue_20260302151127.csv | D10: FALSE | E10: 0 | F10: -1
A11: 156 | B11: 6tan | C11: 6tan_20260302151127.csv | D11: FALSE | E11: 0 | F11: -1
A12: 132 | B12: 87acup | C12: 87acup_20260302151127.csv | D12: FALSE | E12: 0 | F12: -1
A13: 46 | B13: achusan0817 | C13: achusan0817_20260302151127.csv | D13: FALSE | E13: 0 | F13: -1
... A198: 196 | B198: zxsdexz | C198: zxsdexz_20260302151127.csv | D198: TRUE | E198: 20 | F198: 179

Sheet 工作表18
A1: Unnamed: 0 | B1: creation_time | C1: modified_time | D1: post_owner.name | E1: post_owner.username | F1: url | G1: id | H1: media_id | I1: 下載
A2: 0 | B2: 2024-12-31 19:43:32+00:00 | C2: 2025-01-01 06:33:38+00:00 | D2: 小A辣🌶️ | E2: ala780705 | F2: https://lookaside.facebook.com/mcl/multimedia/lookaside/?download_info=AZvvFyMhgpm44S_UwFmD2no5ue-GWlPrI6cnwnmEUfppHUbHrodloX4TJC41CO4xqPlzmz9rYzpUYUSPYasQZyNpftzr85wiwvFo-ZG36ejDSi9AK6k_dfMWxQEAjxKryy2hewOoDd_KRr7A4Y4Q9V3mgLOi | G2: 1.26e+15 | H2: 1.26e+15 | I2: deny for user | J2: 手動下載
A3: 7 | B3: 2025-01-14 20:02:56+00:00 | C3: 2025-01-15 01:43:05+00:00 | D3: 小A辣🌶️ | E3: ala780705 | F3: https://lookaside.facebook.com/mcl/multimedia/lookaside/?download_info=AZvjikK6iheceqqEserXBkNE1yH6OvqdQPKYCpkJOGUZpITNBvcKj8KULeSwcf6OfcpTH0rUqBCwLe9_lDTwwXVvwjxAjy4t5Tn7ndiLPCmWy96_hZu3258M6XtMOD-fq6NWwe_9KuT73PfJWzPdGTAst6d5 | G3: 1.43e+15 | H3: 1.43e+15 | I3: c
A4: 22 | B4: 2025-02-02 00:01:35+00:00 | C4: 2025-04-27 01:24:20+00:00 | D4: 小A辣🌶️ | E4: ala780705 | F4: https://lookaside.facebook.com/mcl/multimedia/lookaside/?download_info=AZu7jdDn_Yx4jHnOmzvZWzwAL-3wQpnx1JPl61s-HMCKsb7swydbcWNYD8ImDnKvQ-ZQ-9kjEmhrYTjca4-A_zi3YpeNzGMbC_pYM512HZBqwoIOBYGRgVIu9P4kdGXlD_ieHWZb8RXreaISnt7r-rOQef5y | G4: 1.63e+15 | H4: 1.63e+15 | I4: c
A5: 23 | B5: 2025-02-02 00:05:27+00:00 | C5: 2025-08-28 18:40:50+00:00 | D5: 小A辣🌶️ | E5: ala780705 | F5: https://lookaside.facebook.com/mcl/multimedia/lookaside/?download_info=AZuWLXgpwdYNO3t803mboQQyaZVJaQoWxYn1nAmecdjpBjCCpXrxgubcpXVNNLY6599ujQpGeJara1f2_nq8eUC_gCv_CYhmrtWt8PIMVPmi-_xFyatJY44Dd3I9wbC2D0pFybxPe4v-81pNRmaNi7ZjJgA | G5: 879000000000000 | H5: 879000000000000 | I5: c
A6: 44 | B6: 2025-03-10 13:20:01+00:00 | C6: 2025-09-14 11:33:48+00:00 | D6: 小A辣🌶️ | E6: ala780705 | F6: https://lookaside.facebook.com/mcl/multimedia/lookaside/?download_info=AZs3hdXZY7yuZ0VeQp7AXiEOxd-h-AZ_JBjrsVKSA7O389brS7N9g2uGJf54ODpWKiFaYhyUeS4e7qTbqKDh8w9qnwHDANOVz5cc7xVf7TAH2ysw5y7S6BcFs6y2BaJHJQ2yWT9PFJmxLoR2H7GQCMR0CW8Ztg | G6: 2.55e+16 | H6: 2.55e+16 | I6: c
A7: 45 | B7: 2025-03-10 13:23:07+00:00 | C7: 2025-09-20 17:42:36+00:00 | D7: 小A辣🌶️ | E7: ala780705 | F7: https://lookaside.facebook.com/mcl/multimedia/lookaside/?download_info=AZsNBCEDy4Jmf1T238rDAxAQJn7WJLe4V8YQMV63GItDiSeqrsLogB6SS7QH_zkiyrwVbIgz4tIo-liAL0jiZC5QaLtElG1ygI5yMjwNrYFwvbFkxiw40Dfpqgg83kKf9cZIpjfBEaFXxjytvJstALhALMg | G7: 847000000000000 | H7: 847000000000000 | I7: c
A8: 86 | B8: 2025-06-17 12:53:51+00:00 | C8: 2025-09-08 04:54:29+00:00 | D8: 小A辣🌶️ | E8: ala780705 | F8: https://lookaside.facebook.com/mcl/multimedia/lookaside/?download_info=AZsXcgE1v-N2mMvajTzkFo_Y_QUy2SLki-2pCOgI6cSE9jfy6fh1Dx1XbYxcPqks3DrIqrxsTJDjwHbH8sjVNs-LGGnobcg4eCuhw7-TCz0Q_PlrN_DSr_AdnLnNI2coif5mtO8MIZRlYR_bXjiLJnR9haK1 | G8: 2.03e+15 | H8: 2.03e+15 | I8: c
A9: 118 | B9: 2025-10-14 14:01:16+00:00 | C9: 2025-10-17 16:11:21+00:00 | D9: 小A辣🌶️ | E9: ala780705 | F9: https://lookaside.facebook.com/mcl/multimedia/lookaside/?download_info=AZuq1IaGOzL2fgcg_ns1fwY7s7uCrg8qs9iiqHCUtzMfZ4DnCIWTe8TgwEoKZ_vp-TkkKAq1xWY7IijAh6LfTnFtZ63PLDZj1ZChQj0VzKPJwLqafSLWVRF-zz8eSt6zO_F5MlWU27vKrhvlKBRrYbqNYuwM | G9: 4.15e+15 | H9: 4.15e+15 | I9: c
A10: 0 | B10: 2025-03-08 11:08:29+00:00 | C10: 2025-03-08 12:28:33+00:00 | D10: 艾爾文 | E10: alvin701 | F10: https://lookaside.facebook.com/mcl/multimedia/lookaside/?download_info=AZsqGpx6wpvbC_JGu1VoPwhPthp7PIt2AMOcEfuwRXmZNiVald6p-z82B8xzTnaCvigDnP-gYbroq2sZvtR5KpsbNjnruKASUG0c7fdaThWNto-XJI29PDz5d64Fj5V9qoBOPuWAMY2ODLG94WMWDFC3tCQ | G10: 880000000000000 | H10: 880000000000000 | I10: Media Access Expired | J10: ig真的沒有
A11: 8 | B11: 2025-04-11 10:00:00+00:00 | C11: 2025-04-12 09:40:08+00:00 | D11: 黃大謙 | E11: da_chien_huang | F11: https://lookaside.facebook.com/mcl/multimedia/lookaside/?download_info=AZu6jCN5X9j95_sgl2EfOaW3Bk4yvWlvRsng1nSyeRkF_rx7G3OSelPIimllkxmC_3wzPvWVgwNcCY_0L0msV6n4kf1ClRlv4ZQQHnnhx3rgZ1f3tK8SjG6SDQ6zoaaMBh_-EQTE9LmKLh-c7a2NsakE992h | G11: 1.62e+15 | H11: 1.62e+15 | I11: c
A12: 9 | B12: 2025-04-20 04:00:00+00:00 | C12: 2025-09-12 06:12:49+00:00 | D12: 黃大謙 | E12: da_chien_huang | F12: https://lookaside.facebook.com/mcl/multimedia/lookaside/?download_info=AZu6WzQzZ-qgRhavZ2ajkDG8QCYFwmtQa1IgvFHs4F9A1J4hxIkBahzIQ7H2Y_BR8C0qqq1QX45f3YgFQht4NvPhE2OBhKC7OvFK4YD-5Othlx-_r80U7HJlTWcdGiNqKaKDfYxemnLL698WUiVRyeN_SK8x | G12: 1.89e+15 | H12: 1.89e+15 | I12: c
A13: 10 | B13: 2025-04-25 10:00:00+00:00 | C13: 2025-07-29 09:56:13+00:00 | D13: 黃大謙 | E13: da_chien_huang | F13: https://lookaside.facebook.com/mcl/multimedia/lookaside/?download_info=AZvBTx4281-_CsLnauotRbSfIh-WQlTXbXep74qd4RmvYk6nE40D6JxaI8RqpWgLL4FwzR-SbZD1J--NWi2PGwdAgVvH6EuCjr1wzoPx_8i1bvBtt9wkh1vcxWICC1yA9Ylk56B5pm4adGkrLlwX7Ba9rzA | G13: 793000000000000 | H13: 793000000000000 | I13: c
A14: 11 | B14: 2025-05-06 10:09:24+00:00 | C14: 2025-07-25 12:31:04+00:00 | D14: 黃大謙 | E14: da_chien_huang | F14: https://lookaside.facebook.com/mcl/multimedia/lookaside/?download_info=AZskyDn5OsIWDjSZZyDMmJMqc94dfTsTDyIaNX471qKTEnaE7MbwINFXjvHBgdGi18ERYMTIC8k9eYeJWoUGdRE4odrlPNwN8PddeNJhQGCRvwAyt1d7hzgA0kZSmpnM8VYuF0HVFey-SXl6Thb_3OUle5VR | G14: 1.93e+15 | H14: 1.93e+15 | I14: c
A15: 12 | B15: 2025-05-15 09:55:50+00:00 | C15: 2025-09-25 13:31:32+00:00 | D15: 黃大謙 | E15: da_chien_huang | F15: https://lookaside.facebook.com/mcl/multimedia/lookaside/?download_info=AZvPAfEpHTHzyx4FcTFLZkJ1AqzHa2fW_KdPAi6myTX85OpX5YkZ_RqBYjFmN_PqacCJyXGjLHBFJvUj4VD8wTGY2NQ0PdAAIP7qRhwxU3fUlV7B9BCUhM3r-cZMQNHlGBEbkHj6moN4Kz82QLY6bL_Fn3Kz | G15: 2.31e+15 | H15: 2.31e+15 | I15: c
A16: 13 | B16: 2025-05-19 04:00:00+00:00 | C16: 2025-12-15 03:46:23+00:00 | D16: 黃大謙 | E16: da_chien_huang | F16: https://lookaside.facebook.com/mcl/multimedia/lookaside/?download_info=AZtWxmn7OOdvk3SFSB-At31D-LlCYpk1FAv7TBNyS2MEHhcEG8xGJjdD3vNOjcAasiABLQB1H440F3qBIxUS_OOdURRSOPOZKJyoopnOryuvs1rVjs9w60Vje6_1zLm9p0hLUJHr0nzzVZeY9xxer93GPHt1 | G16: 1.92e+15 | H16: 1.92e+15 | I16: c
A17: 15 | B17: 2025-04-16 10:48:54+00:00 | C17: 2025-04-30 02:00:54+00:00 | D17: 我是老爸，我不要當爸 | E17: daddy.iam | F17: https://lookaside.facebook.com/mcl/multimedia/lookaside/?download_info=AZtapzSYIhVWvlsNqf9zySD7SE6f4x9mWr-G5O51ZnXLxSUrNF7oBmJng7xaQYr7Fi_IuFMA_wF2CI1dfIGfHQgzueJiZ1_rUdMbUL6Fp10oeu4EzNhrJXCGBxa_ojz5YCI4Xm6f7RJdj57MEw3IGoBBX0U_ | G17: 1.42e+15 | H17: 1.42e+15 | I17: c
A18: 16 | B18: 2025-04-28 10:28:05+00:00 | C18: 2025-04-29 14:28:09+00:00 | D18: 我是老爸，我不要當爸 | E18: daddy.iam | F18: https://lookaside.facebook.com/mcl/multimedia/lookaside/?download_info=AZs0zeSGVi291azMLgsHcCH1f-sBomBLkIYjDUHVrxojJjk5bw9SVKMqk3aS4fjhErhX8qDU65lPoQgsiZagn0ijVbkM2p3Lx8itFa4TDC--ODM-pASaOq_IJHJ-ROHemFCzgZRDfUGtee1a24cw9V0Lzfmd | G18: 1.33e+15 | H18: 1.33e+15 | I18: c
A19: 17 | B19: 2025-04-30 12:47:45+00:00 | C19: 2025-04-30 15:47:54+00:00 | D19: 我是老爸，我不要當爸 | E19: daddy.iam | F19: https://lookaside.facebook.com/mcl/multimedia/lookaside/?download_info=AZtTcfNk482QeQMy-h7zFpBA1JKo__1rRy5mKbGMvSKNQ_Dn7EU1S0oCMp6fYiAvYbJL50DNfSgbuNQadMvzLvAbXx14tDCTClyqFXgkCeG3b1qyU1NNe9hrB_Mu3S2r2vyaSs9PD921kWAmF7-VZzp6ZsUq | G19: 1.25e+15 | H19: 1.25e+15 | I19: c
A20: 18 | B20: 2025-05-01 15:06:06+00:00 | C20: 2025-05-02 11:56:11+00:00 | D20: 我是老爸，我不要當爸 | E20: daddy.iam | F20: https://lookaside.facebook.com/mcl/multimedia/lookaside/?download_info=AZvJuHRXOEOubWLS0h4seq5BfnB89nnpBWc7nIthMkwxAK1xY5ZLR9yk2P9_JtHi-iFil0ytRocs-QdUmpiFnnEDfarq9K4IWnJ1x314y4XYwliSFz_SXp_yq4fE4cKB_ERM_nl7a6YYucgSquK0OcctPWvw | G20: 1.93e+15 | H20: 1.93e+15 | I20: c
A21: 19 | B21: 2025-05-02 11:38:30+00:00 | C21: 2025-05-02 12:48:34+00:00 | D21: 我是老爸，我不要當爸 | E21: daddy.iam | F21: https://lookaside.facebook.com/mcl/multimedia/lookaside/?download_info=AZvliF9_9h1oxT8qBbPuiej_gVgCYX-YqtCvhFV6xX9msZ8mYIHXoRrlhrlnVxPAFxHShb1O51cTYzimVCpkusb_KNQe8fG28t86fOIZJqS1OQHw5gtaGAYOQCT8pKhUYxuI8gi9MFIdV86ZZBQkG8HPCmEX | G21: 1.19e+15 | H21: 1.19e+15 | I21: c
A22: 20 | B22: 2025-05-05 14:11:53+00:00 | C22: 2025-05-05 23:41:58+00:00 | D22: 我是老爸，我不要當爸 | E22: daddy.iam | F22: https://lookaside.facebook.com/mcl/multimedia/lookaside/?download_info=AZtTqMifWD3J2UjbFA1jDqzkIvIYAOpEXqQQ_B9sAtssAMJDkVGT_toAIzGhIb9-mwSQZ6jTPh6TEUmqAowZVhetbVNIbQ1NYE1FxMoIhsbOzRXRqU7fKeRTH3txmIU3gE6oAAcG8gt8CC-bqRGzUlbeQA4 | G22: 910000000000000 | H22: 910000000000000 | I22: c
... A72: 67 | B72: 2025-12-18 13:47:53+00:00 | C72: 2025-12-20 14:47:57+00:00 | D72: YING 林岱縈 | E72: daiying0 | F72: https://lookaside.facebook.com/mcl/multimedia/lookaside/?download_info=AZuyGu42dcQrGJG2kEOUoRh6S_EMHVRHJt0bm0Qhu8CxMQJFqCjpsFN6LD8D4OatrNjbRAXNCY-ix797_oDexI49wRX5052gUxM6OpwXu_hyUrmGN8P4I_iYpLam7NmS3vLdrf0bJKKUbeEUesirgjCCSutn | G72: 1.19e+15 | H72: 1.19e+15 | I72: g
A73: 41 | B73: 2025-02-05 07:23:18+00:00 | C73: 2025-05-29 16:39:54+00:00 | D73: 🎩Davio🎩 | E73: davio_magic | F73: https://lookaside.facebook.com/mcl/multimedia/lookaside/?download_info=AZtfYWeix6g5YW3bIMXZq-FNS7CNsbzXDWeqPvEwSrGi0cg76MqkSV8LVkIaTQyRaK9tXlODZ6vqY63Ohw6p_CHN7znt49gFARgv2z_ZEnwmr8hDQOIHSvsdXu082lfr4Cjfg-fG3XcO3bdAXpR-ZjJQv1E | G73: 931000000000000 | H73: 931000000000000 | I73: Media Access Expired | J73: 已重新下載
A74: 92 | B74: 2025-03-20 06:38:13+00:00 | C74: 2025-09-12 06:23:34+00:00 | D74: 🎩Davio🎩 | E74: davio_magic | F74: https://lookaside.facebook.com/mcl/multimedia/lookaside/?download_info=AZvvjqweJtJSekxslO_NVgSezoXoFGFtTeXMl3cF4XfxQUbxvuHo0Xr7Spb7zs84emK_NXGkw-ACRgskTvQxtCQytap1hH-wihSKefuMhlBWRbQwIxS1ZtD3trRT-3_xpwtqLiiZCsV58ObWF26WBvBWADIt | G74: 2.04e+15 | H74: 2.04e+15 | I74: Media Access Expired | J74: 已重新下載
A75: 94 | B75: 2025-03-20 08:43:23+00:00 | C75: 2025-08-30 18:40:30+00:00 | D75: 🎩Davio🎩 | E75: davio_magic | F75: https://lookaside.facebook.com/mcl/multimedia/lookaside/?download_info=AZs41eGyQZeV6H4_v4zsiBTujXYrFd2wd_BfZ_UJBjbG2HIlV09u0SQVBhbr0F4tFGP_AwKfYtVsfoSySMLb1i8LAX1o6vnVEuMXjkskWGzoF-0wR0AJWhI4AMq1uMJEjqXRLpzahKG-iUWakGC0SIxpwzQ | G75: 880000000000000 | H75: 880000000000000 | I75: Media Access Expired | J75: 已重新下載
A76: 96 | B76: 2025-03-21 03:53:49+00:00 | C76: 2025-03-23 06:43:54+00:00 | D76: 🎩Davio🎩 | E76: davio_magic | F76: https://lookaside.facebook.com/mcl/multimedia/lookaside/?download_info=AZuJtQLyZ9dAzAp81EgQXZ_hXechE3NtrwvB_sO4auN-w8M3hfxMADzo8rEaq9EPZN22s-sd_0aN4HF0T2ksvSRmYOY2dsItQqz1CtsPGbXEoWanZxVCqRxG6gCCjWaDHJCBnYHdzIuNMt97ITO7SdWf_gff | G76: 1.54e+15 | H76: 1.54e+15 | I76: Media Access Expired | J76: 已重新下載
A77: 102 | B77: 2025-03-26 09:28:10+00:00 | C77: 2025-09-08 11:21:49+00:00 | D77: 🎩Davio🎩 | E77: davio_magic | F77: https://lookaside.facebook.com/mcl/multimedia/lookaside/?download_info=AZv17VwAqyObic5gZZ69liCvX9-LEGImF16CxyG-Qhz1hDI9aAtYhYJjkJb4cavT1VMeTUdziY0DJdBJACilzZrMhHNO2fN3ECpWPpJ1eGXve2l-qTnjX2JEtamGOUHP6TH6Dq4y0IvMCLXsLBLDX0K5M0M | G77: 865000000000000 | H77: 865000000000000 | I77: Media Access Expired | J77: 已重新下載
A78: 111 | B78: 2025-04-08 09:40:29+00:00 | C78: 2025-04-11 14:30:34+00:00 | D78: 🎩Davio🎩 | E78: davio_magic | F78: https://lookaside.facebook.com/mcl/multimedia/lookaside/?download_info=AZvnwEmZfhnwK3-jsAPFl8bUgiNb5UcxpPKUnFWa8bRmS2h5W6J9uRYqVoibSiqgmCvJRvNLjTo5FJ_h6Ivnv5i3Cu7DaSji_vGT6oPdpAa_VhtdiGO2TcxV7BgKk1TXLsrphmVvzMRVJdqirZVJPUQyCaGY | G78: 1.4e+15 | H78: 1.4e+15 | I78: Media Access Expired | J78: 已重新下載
A79: 115 | B79: 2025-04-12 18:21:17+00:00 | C79: 2025-09-05 12:01:47+00:00 | D79: 🎩Davio🎩 | E79: davio_magic | F79: https://lookaside.facebook.com/mcl/multimedia/lookaside/?download_info=AZt_KVgrF1qQscRPyBVD9TODU_ryzJslZpPhuf0l_0uYUQra34bkyeYGgv-Gwd3AB0y3rpGlOkIB2ir7vZY68VzvZIzmR8biUfC5s9fuJgYaxcV_KKi97d3OhP-drggiiO5taVx7lWlCNkBEmfAGO7WtAeE | G79: 786000000000000 | H79: 786000000000000 | I79: Media Access Expired | J79: 已重新下載
A80: 122 | B80: 2025-04-26 14:24:02+00:00 | C80: 2025-04-28 15:04:07+00:00 | D80: 🎩Davio🎩 | E80: davio_magic | F80: https://lookaside.facebook.com/mcl/multimedia/lookaside/?download_info=AZttEx7YaTnFjMyOuEDOwRLhTJAhcM_N0VOtGbf1MTrUPN1-_GR4GfBUrlwwILEvS6qvyMH5ctRXJb9h9RSNbUDxJYleeUCL50QMpeHTH-prTAUgXDzZidbTqNwzl8RsFLJp6U-kD8Pd14L1zVrK5V5rGno | G80: 894000000000000 | H80: 894000000000000 | I80: Media Access Expired | J80: 已重新下載
A81: 198 | B81: 2025-09-24 11:29:26+00:00 | C81: 2025-09-24 12:00:48+00:00 | D81: 🎩Davio🎩 | E81: davio_magic | F81: https://lookaside.facebook.com/mcl/multimedia/lookaside/?download_info=AZuiVSa2PwBr-jvueTw31bq4IRU8QES3kPr0Foi_yDXIpUIEKuqs4DBe5Bn55uTU4zpUhQIknGTua5Jr_tYcR4wRgF-l_chlS11Vw1_6vA_TRUpApI-lsSF7xGeAxj6McWwqS7YGJWz-s3sneLGWmh4WQJsw | G81: 2.79e+15 | H81: 2.79e+15 | I81: Media Access Expired | J81: 已重新下載
A82: 7 | B82: 2025-06-06 11:43:40+00:00 | C82: 2025-12-17 15:23:29+00:00 | D82: 蛋哥超有事EggThings | E82: egg_things | F82: https://lookaside.facebook.com/mcl/multimedia/lookaside/?download_info=AZufqzvXa07Se0fpUw1kxUJCeKN9tB-TQcnLObFUBGZo72YncOP-_s1yIcVECmgtTuI7eCYVs_iV52OezUTwGIJ491gHWYy1fCcOCGCLKP_8AKVkKNEqv1UfznAucEMCKJH_J4n5kjZNUJp9BnBVxIn8_-9I | G82: 1.44e+15 | H82: 1.44e+15 | I82: g
A83: 26 | B83: 2025-03-23 07:21:45+00:00 | C83: 2025-03-25 16:21:51+00:00 | D83: 小象愛出門 | E83: elephant_gogo | F83: https://lookaside.facebook.com/mcl/multimedia/lookaside/?download_info=AZvje7-AF2jYaOM3Ib11edSrThWluhCMeFlZlmLl4pzvpDBJApL5uNp-qyPqj7_nwLfx9QHcC7PTrvys11E6UmB57EG8i_8kmgel8yU3BegZpxnQeJ_5IK4ICdYCvppCt3kwBSWNF3Oif9LpfFXlxfvSYT-0 | G83: 1.26e+15 | H83: 1.26e+15 | I83: c
A84: 27 | B84: 2025-03-23 09:57:28+00:00 | C84: 2025-03-25 12:57:34+00:00 | D84: 小象愛出門 | E84: elephant_gogo | F84: https://lookaside.facebook.com/mcl/multimedia/lookaside/?download_info=AZv1CnZEyjIAnUGkMkm-lkoeAxrR3Ft8wpwp9t2hwjbZT7fSXr1D1bL-Go3O1CfH4KO5O2q_ODTTln7QO973km5MtnMi1HuPZpStBuUa2QDKA70mXEUvfIPlbMnq4aOOt1k1CJF8Hab0WtHqnl2CpQdkyVKH | G84: 1.26e+15 | H84: 1.26e+15 | I84: c
A85: 29 | B85: 2025-03-25 17:55:41+00:00 | C85: 2025-03-27 19:55:46+00:00 | D85: 小象愛出門 | E85: elephant_gogo | F85: https://lookaside.facebook.com/mcl/multimedia/lookaside/?download_info=AZsvLe8ATWe7_JNIs0PBGIRA4JBGK3m26P8qUJA_meICos6IY8GVPSBRfMp44MPpJvA7GjRWi_3TbWtDphwv8gv_KJSSMeauYhp6pm9Ask_vdRjGSyV08qvm7G74jmibxcGyLQUnFXZC1MiUcfEekI-dtURM | G85: 2.1e+15 | H85: 2.1e+15 | I85: c
A86: 30 | B86: 2025-03-26 01:11:55+00:00 | C86: 2026-01-14 22:44:45+00:00 | D86: 小象愛出門 | E86: elephant_gogo | F86: https://lookaside.facebook.com/mcl/multimedia/lookaside/?download_info=AZtl98pi4kfOaAhd0S2w-f6nSbVkUVEEPTKt_uX3PAUL7XLSHlASdB6omFFQ3KZLlX8M84g9APINVyE1cV_5yWEMQsFEE4L5FDrED31ZhLELH68tfkydQyBBszigWvYQcdsTgDb4klBeR2dHm-mnxzUOcBI | G86: 884000000000000 | H86: 884000000000000 | I86: c
A87: 77 | B87: 2025-09-04 09:14:09+00:00 | C87: 2025-09-05 10:54:14+00:00 | D87: 小象愛出門 | E87: elephant_gogo | F87: https://lookaside.facebook.com/mcl/multimedia/lookaside/?download_info=AZuLYGbuwwJCghz_oOgjfNNS_GN7zL1Gkp-4Xj5W5X3sQyPH9tt6RmtppwQkXK4IsQv_JwB6cgsyAfp-fFrcPeWVeDXVWy_gDind2kI2uf8Gkar8akKQmHfDo8DzyO6O_KWBthPYmOflW1ByvNay7NSpTZU | G87: 835000000000000 | H87: 835000000000000 | I87: c
A88: 94 | B88: 2025-11-11 07:14:10+00:00 | C88: 2025-11-14 08:04:15+00:00 | D88: 小象愛出門 | E88: elephant_gogo | F88: https://lookaside.facebook.com/mcl/multimedia/lookaside/?download_info=AZtchUKsfldBDm7z8Iqs_zlVU3AbDYnaz__IE36AgbdheUrenixOXf0MC7vzj2qhASIMMz8YhsHHUl9uKvhJWFgDucpRvqTAWyjQHAYxCMRGvt9L0iL1Z61T6WfRv6og42zhtPF0onefLzu4EBEVdABeJy92 | G88: 1.47e+15 | H88: 1.47e+15 | I88: c
A89: 7 | B89: 2025-02-26 13:37:30+00:00 | C89: 2025-04-29 19:59:17+00:00 | D89: 健人蓋伊 | E89: gu_yuze | F89: https://lookaside.facebook.com/mcl/multimedia/lookaside/?download_info=AZuuXfQadBZmecEnY8NOjQ9z7M0mgRhW8x9Q7SplhC-epolGB0Ncxc26Wj4gvgczTWvMfiMGAFRjZaopv3aFSR1y2Z817cAPazyQBnfSg_vPNTOu7E8t7JxDL7R45o3jlfTbL1eBmohF8j63gtHmc3CXUnE | G89: 733000000000000 | H89: 733000000000000 | I89: c
A90: 25 | B90: 2025-07-08 06:41:06+00:00 | C90: 2025-09-08 03:39:11+00:00 | D90: 健人蓋伊 | E90: gu_yuze | F90: https://lookaside.facebook.com/mcl/multimedia/lookaside/?download_info=AZsQ6LW3KX9gJyCT1hP-uv020wks8lpETCj17hp2Y6pJ_jVQCAQ7hH9z-7UTLLuJKJAXmTeIvB-V_sfBHBaEUWrNKOGEH_NjEefSdcjmejng7yBsBSjXvQiyccFT77msuAE9MyA6GUvPtaALvhxJyxSS7Q0X | G90: 1.17e+15 | H90: 1.17e+15 | I90: c
A91: 45 | B91: 2025-11-10 09:02:52+00:00 | C91: 2025-11-12 09:12:55+00:00 | D91: 健人蓋伊 | E91: gu_yuze | F91: https://lookaside.facebook.com/mcl/multimedia/lookaside/?download_info=AZsjUBdPnAlIZ6tNAcJ7RZhsfta7eXLlzn9s3WJ3i68zH0VrXKKeCxJkcFIRKRieMGt7arX4yjp_d9hvG0asIIV6tXDv6cdM8V9-vZ88_itYiwFLVSgY7QppjAmMYxRWoEpOkbklW7ccQ4wJYB8Mfv_JE_w1 | G91: 1.29e+15 | H91: 1.29e+15 | I91: c
A92: 17 | B92: 2025-03-20 10:15:25+00:00 | C92: 2025-03-22 11:45:30+00:00 | D92: HowHow | E92: howhowhasfriends | F92: https://lookaside.facebook.com/mcl/multimedia/lookaside/?download_info=AZt_U7RDw7WzBns9GWYdeVvSoYCXfKvwcptHL9ygk3hJ9xbGBwkeZqwgpGBR0i1HDGaf_ozYLzLppL8McQ4NtHyQ_U-8VB9uNvpOCtDviRv5VatOH57gwQ8-W91-OfuLeM9Qq3k3SRMR0lGJkAOPnyx-JrI | G92: 892000000000000 | H92: 892000000000000 | I92: Media Access Expired | J92: 已重新下載
A93: 22 | B93: 2025-05-10 06:01:18+00:00 | C93: 2025-08-06 15:28:17+00:00 | D93: 黃氏兄弟 | E93: huangbrotherss | F93: https://lookaside.facebook.com/mcl/multimedia/lookaside/?download_info=AZsjRDDOuk9XME54KYQRFjepbhgyAou7w4lB1pYMhRkiOB2OIWXUjDh8RlGnhrrF20PDt20kJp8r53iAjvwzJLXfP0xccZNeZ_tMb709_4rYDWKjHZXWk-dHq2F7uI564cZM-kBu_TnppauR1bNQPn1A6QU | G93: 977000000000000 | H93: 977000000000000 | I93: Media Access Expired | J93: 已重新下載
A94: 28 | B94: 2025-06-07 06:00:26+00:00 | C94: 2025-08-06 08:52:31+00:00 | D94: 黃氏兄弟 | E94: huangbrotherss | F94: https://lookaside.facebook.com/mcl/multimedia/lookaside/?download_info=AZuLgABwrpIU4zhs1hqor1LBKWx1WxsySONiwSxdRSQMdh4AqhjGvlDCJRtOvx1LcfB2FxVAXdiZgvg21k4u1Uu1pksRE2Ij-Us21WGcr_PsWVTz0hGehNECBWZlQKAbUEMB7GKcB-_cIs0OhBVZLNzLEKg | G94: 708000000000000 | H94: 708000000000000 | I94: Media Access Expired | J94: 已重新下載
A95: 30 | B95: 2025-06-14 06:01:35+00:00 | C95: 2025-08-06 09:43:36+00:00 | D95: 黃氏兄弟 | E95: huangbrotherss | F95: https://lookaside.facebook.com/mcl/multimedia/lookaside/?download_info=AZsde-iOhY7E-DdQIEg8_zTyuLIO7RjVj7E8yPaomf1tFbairaxsWh6PasLNcQ7fS8LdOHxNYZMhWpB1mhJfUJsc0avJL4Ud6lpRupYC51BKQ3bvcV8j4bz9_qjdmvjL5pviS2ZruIjRsUplkH4om6x6gToh | G95: 1.44e+15 | H95: 1.44e+15 | I95: Media Access Expired | J95: 已重新下載
A96: 36 | B96: 2025-07-17 09:32:36+00:00 | C96: 2025-08-06 15:52:27+00:00 | D96: 黃氏兄弟 | E96: huangbrotherss | F96: https://lookaside.facebook.com/mcl/multimedia/lookaside/?download_info=AZvh3lMDW4z4VJMGof6H1mj0YW6eHD41WNg1-l0ISitAlFMph9X88lo6i5OpbxmftDH4dpgyY47cd2or6J8I-I53DcH_POkZk-isLDsn3LlnRekVZN8TEl9mHQwhabpU-Fv4fpnBNVlzuxiankYRtqA7oaTq | G96: 1.26e+15 | H96: 1.26e+15 | I96: Media Access Expired | J96: 已重新下載
A97: 37 | B97: 2025-07-19 06:05:19+00:00 | C97: 2025-08-06 16:14:41+00:00 | D97: 黃氏兄弟 | E97: huangbrotherss | F97: https://lookaside.facebook.com/mcl/multimedia/lookaside/?download_info=AZscYtzyksKILgLa9Hufa8YHMYVmn7HPhVIgKSyfqYq-4TATemiSi3gK0Iek2BllSrzxzqYprcq5u9dS9WXx5d6UbKcFzS8NXN7KIYnB2dPJXpkbpp9e2t2pg2Yod50SSiiCLenkCpaTEgSdEYwCYmAYtxI7 | G97: 2.19e+15 | H97: 2.19e+15 | I97: Media Access Expired | J97: 已重新下載
A98: 40 | B98: 2025-08-08 10:02:27+00:00 | C98: 2025-08-11 03:18:04+00:00 | D98: 黃氏兄弟 | E98: huangbrotherss | F98: https://lookaside.facebook.com/mcl/multimedia/lookaside/?download_info=AZuQdtd3v0DuSs23Ss1JhN8HrrGBX4XjP3CGAvmQKr9jXohiU-VymFc0KIILzP5-w38rtYt1g-zoupDBmNy_o_ln7iCq8Z0Y46v6Gy1XrlA6-G7-e1X0ISH30vivRAm09Bh_kOOA1wBA61zMKYFGDB4ZK6HA | G98: 1.49e+15 | H98: 1.49e+15 | I98: Media Access Expired | J98: 已重新下載
A99: 45 | B99: 2025-09-20 06:04:21+00:00 | C99: 2025-09-22 07:45:11+00:00 | D99: 黃氏兄弟 | E99: huangbrotherss | F99: https://lookaside.facebook.com/mcl/multimedia/lookaside/?download_info=AZupZKueawbr3hPSh4-5evRdWHXOowWh48fFxYN7ByN6JMJeVcQP8N2Na5K8oHP_5O3OluGR0hpaqEm2Ko2nwrSaIapPYBfwzl9BQ3NX1-CZYSzwnwPR1rHUKcc4LWMd7dFaf0SnhbWHMVaECEDMlXN1TYRL | G99: 1.38e+15 | H99: 1.38e+15 | I99: Media Access Expired | J99: 已重新下載
A100: 49 | B100: 2025-10-06 06:27:46+00:00 | C100: 2025-10-08 08:58:18+00:00 | D100: 黃氏兄弟 | E100: huangbrotherss | F100: https://lookaside.facebook.com/mcl/multimedia/lookaside/?download_info=AZuBE9EovxIwCzvHy-equf7ErTPoIDGyd7l8zwAlkV3I6PsbfcM7zfidlidfeaBptZfJSLqzq1_GfbIsH5yOLoSg6-ysjL4N8LBoG6A_j4TuW3nemzjS5gt_O6VOcAqWhw-ZTBiRqzSm5oIgFpKwHOoO1gQ | G100: 884000000000000 | H100: 884000000000000 | I100: Media Access Expired | J100: 已重新下載
A101: 50 | B101: 2025-10-09 05:26:48+00:00 | C101: 2025-10-16 08:27:18+00:00 | D101: 黃氏兄弟 | E101: huangbrotherss | F101: https://lookaside.facebook.com/mcl/multimedia/lookaside/?download_info=AZtN94oYc3SronX-GWHCKgnAIf0jcXwr0kt9iJ26m09aHVxbs4Vd4ftz8WALXJLHTs5oOndXMfX_Bo7ygTq8ui9uM6v9ra8yhotOtjGNYl_4JetpwdPQctwGig4sDX-MPbbUjlHNertTIOojYyIgknury2-q | G101: 1.25e+15 | H101: 1.25e+15 | I101: Media Access Expired | J101: 已重新下載
A102: 56 | B102: 2025-11-06 06:56:14+00:00 | C102: 2025-11-26 05:29:00+00:00 | D102: 黃氏兄弟 | E102: huangbrotherss | F102: https://lookaside.facebook.com/mcl/multimedia/lookaside/?download_info=AZt55KqRfe-cgBj2Ij3oIthJff3vmz_OYZ_IrtJFq3BRP9RwXKlJ7JciYa4WWLS4hBwlpEQUTKf-Ms_N-zMuw1JIRxPdXHFKPs087JzAjGvouUAxHTyNBzF6FS4ZLLR6lwi2e6oXKi6gP4TH0p6VCqp_1z4x | G102: 1.28e+15 | H102: 1.28e+15 | I102: Media Access Expired | J102: 已重新下載
A103: 57 | B103: 2025-11-06 08:12:13+00:00 | C103: 2025-11-10 14:33:15+00:00 | D103: 黃氏兄弟 | E103: huangbrotherss | F103: https://lookaside.facebook.com/mcl/multimedia/lookaside/?download_info=AZsJZ1AyC_0DVvBMS56lp1wvx4-REEPfbyoSiXNnvEn3g_1nBw-EsIAjusxN9j_Zopue4GQelCFqU2k4FZbhkBkyz0alyde5IDWkXmFeSfx3VnchACHrPftjkUvp3jMZ6cPNZhms5-il2dvpRR2uWc_poJrG | G103: 2.79e+15 | H103: 2.79e+15 | I103: Media Access Expired | J103: 已重新下載
... A120: 76 | B120: 2025-08-05 13:07:51+00:00 | C120: 2025-08-06 01:37:56+00:00 | D120: 超認真少年 | E120: imseriou | F120: https://lookaside.facebook.com/mcl/multimedia/lookaside/?download_info=AZvWesRIj54ORXzcI3TyFfW30wwj6AFcpLwXRoRtVnX_awPjeEI4JaTusL8G1hzC7tp-ZZIq5gkqafzQYRtHM6DRxfHr3hvQ0DxFEasYDFgMd2b3zu63nL-fiaYzxETgmBOGe1AomTz7LgmsBztGdPyw9to | G120: 890000000000000 | H120: 890000000000000 | I120: Media Access Expired | J120: ig真的沒有
A121: 54 | B121: 2025-03-01 14:30:34+00:00 | C121: 2025-03-03 15:20:39+00:00 | D121: 日本失心瘋俱樂部 | E121: japanuts | F121: https://lookaside.facebook.com/mcl/multimedia/lookaside/?download_info=AZvHSVQ_3EQKkp5X_F3UULK5Y5qNEFKRKFLJo9OOZC61khJk6KFxaxUflFvBRhB3aSqvSo1WRxCS2fd6NZ0IeH2tuoGzSD814OMjYrv0vmhx99flWie18mkWSG4mp2XlnEJsFhhlMoRgnDwqfAmbz3G2h9E | G121: 889000000000000 | H121: 889000000000000 | I121: g
A122: 57 | B122: 2025-03-04 14:20:46+00:00 | C122: 2025-03-07 01:20:53+00:00 | D122: 日本失心瘋俱樂部 | E122: japanuts | F122: https://lookaside.facebook.com/mcl/multimedia/lookaside/?download_info=AZvzqi9v0vpkivXfLGPmnkMXLSH3SHp_FD5cj3A3ru4_7hQ9cY4rC2v2ZSHWqQYy9bPrttGR84AaOlJQbouiX9r8ji2ICVjNu2PwRmYjIJtU66J1a0bNRrPKqWtxza9syKcp1KqdiUvgOZznkmD54FxjyRU | G122: 866000000000000 | H122: 866000000000000 | I122: g
A123: 64 | B123: 2025-03-10 14:21:34+00:00 | C123: 2025-03-30 06:59:45+00:00 | D123: 日本失心瘋俱樂部 | E123: japanuts | F123: https://lookaside.facebook.com/mcl/multimedia/lookaside/?download_info=AZvQqJs-rZR4az6a1nIkJlHVhaDyhmZJQz5a5lQaax1hGIvS__80V8Ol9x808PNVMnKTLSp0qssHyK5W8Sko-vYp2Ni75JNHX9w55c0-9_xx5m_6zCcdoW54PI-3APnAZqhkfYqBq7--MO6OeIpVAODQjH8 | G123: 795000000000000 | H123: 795000000000000 | I123: g
A124: 66 | B124: 2025-03-11 14:14:22+00:00 | C124: 2025-03-13 15:04:25+00:00 | D124: 日本失心瘋俱樂部 | E124: japanuts | F124: https://lookaside.facebook.com/mcl/multimedia/lookaside/?download_info=AZuz4V8A_GdavJY399Tdp_w75x8CFHAvvNP1yaiC6smeg23CuJfbyKkWttfrlkuNn_Eo5vTFwQ4tHmo5oUAkP4PG1oAweLtVYKJW6DZurblb2NM8U3_Ukej3nE9axSWJs6mqGLnOT6e_T7xcnHsJTYhXaCh2 | G124: 2.12e+15 | H124: 2.12e+15 | I124: g
A125: 68 | B125: 2025-03-12 14:15:14+00:00 | C125: 2025-03-14 15:05:19+00:00 | D125: 日本失心瘋俱樂部 | E125: japanuts | F125: https://lookaside.facebook.com/mcl/multimedia/lookaside/?download_info=AZtZDMckiGAHSsITqjj4ysv2Xvqi2DSieog2jOsu2NUWjV2FibRBw9mXAXsLCJ0WcpZ1cirdk7AaJNoaobPhRAjsFfdAP9Alb0tbioEJkTXqLqE5AFdPTHFdylGg8E1t4CHMUuui6D9YO_47KahQOtbK4h4 | G125: 755000000000000 | H125: 755000000000000 | I125: g
A126: 70 | B126: 2025-03-13 14:08:37+00:00 | C126: 2025-03-16 04:58:42+00:00 | D126: 日本失心瘋俱樂部 | E126: japanuts | F126: https://lookaside.facebook.com/mcl/multimedia/lookaside/?download_info=AZtr_R7KkBF1hMHiCg8HWvtCR2FyGVl49xPppqA4DTw6Xzkr8w2vwu_7worDsYhKqDyFa_gnG9_iLdjUCz9FXy-OABAHgIINrF64RqyUuHu-p6Qd26xxstf16gs3w7VofTaHeAHjD-yXs0Qh5drPE4L0IYSD | G126: 3.04e+15 | H126: 3.04e+15 | I126: g
A127: 76 | B127: 2025-03-20 14:10:50+00:00 | C127: 2025-03-22 14:50:54+00:00 | D127: 日本失心瘋俱樂部 | E127: japanuts | F127: https://lookaside.facebook.com/mcl/multimedia/lookaside/?download_info=AZvqKl3zVPDJP43d5Y6l4hSdu-ijBb1IyGndHQgtqSLVYSZuGNTt_bsNZp4IHiM75_eDPriN_rWjWAHfYJqRKXr1nUNKhkXBbAlCGb-ck2n4NH4OyhD5GD7E2Dc2J3BVQ1CfTQ9rOmYVVt51S1T60KOT0XKi | G127: 1.45e+15 | H127: 1.45e+15 | I127: g
A128: 80 | B128: 2025-03-23 14:40:42+00:00 | C128: 2025-03-25 16:00:47+00:00 | D128: 日本失心瘋俱樂部 | E128: japanuts | F128: https://lookaside.facebook.com/mcl/multimedia/lookaside/?download_info=AZuixF-j7mQWU0_-AMjtbPcJ28dsqAzYmsRYu-5KKR4HinmwTCH_CLVL2KU3dH2zcJ0i5NywWY9XjSIB4b1S4xsl1eUo32aTk_q-Z9JUaNNAlJoml4T4GWKoaiVIjE82YsD7yJr2uYZW-gJr-9v3fMG-wflU | G128: 1.62e+15 | H128: 1.62e+15 | I128: g
A129: 82 | B129: 2025-03-24 17:18:27+00:00 | C129: 2025-12-15 15:17:01+00:00 | D129: 日本失心瘋俱樂部 | E129: japanuts | F129: https://lookaside.facebook.com/mcl/multimedia/lookaside/?download_info=AZsCYga2zP9OEx1HDgCOmjMXVQvA11HbXB5Lco8a8cfdrnUTWSdls9_jMFgN99cLL--lfVb7JE3kTCynS_cDUdwx346g_PCPRfAhPa1WVDdugPIxkIZMmoVAzaPbyPBTbiQaxcBSEFPyU_yQL9Rg8npgRjk | G129: 884000000000000 | H129: 884000000000000 | I129: g
A130: 84 | B130: 2025-03-25 14:40:05+00:00 | C130: 2025-03-27 16:00:09+00:00 | D130: 日本失心瘋俱樂部 | E130: japanuts | F130: https://lookaside.facebook.com/mcl/multimedia/lookaside/?download_info=AZtZM-e78h6leVFoe03jQUa4YPx5JhK7zlUdWbckJKvoxK83Wp2paDr1JrWfY9B5CZtNs5yuuDSzBaAQoXzLI2OU63OofPPx9R7ImxtBL9LMngOeEND4qFMrN6rtcS6lB6fH8_Uo3GaXFXPeaOdyStx8zH0 | G130: 935000000000000 | H130: 935000000000000 | I130: g
A131: 87 | B131: 2025-03-27 14:18:37+00:00 | C131: 2025-03-29 15:38:43+00:00 | D131: 日本失心瘋俱樂部 | E131: japanuts | F131: https://lookaside.facebook.com/mcl/multimedia/lookaside/?download_info=AZsHh9ZIHwlvbaK-FiEP2k8d0NTz44YwAOOi11UbPfzsgFaqFguFSO0XRAjtIw0v9A1le6ho6UpOS-IfzKHX0gFpdVjC1hVxU6fswaNXFViDnE4ibfcVAATN0IOvmytGpo6ffgIaxpAyjoRKtjZnbZSKZqZW | G131: 2e+15 | H131: 2e+15 | I131: g
A132: 88 | B132: 2025-03-28 02:30:51+00:00 | C132: 2025-04-06 20:33:39+00:00 | D132: 日本失心瘋俱樂部 | E132: japanuts | F132: https://lookaside.facebook.com/mcl/multimedia/lookaside/?download_info=AZsNVAlnBh_AF6Wdp_E-aX6mVqrpIb23QLGxSMhgnJECz1Qf8dCZMuBasfS61NqGE8b7h_p_PV3kFOrOA3wD7xZwvZeT1jf8H6b7oFWSnfu5vCF-Jptb9fU1ZxX9lqzy6Q0mMqjruIP07cFwznmNk57rNi0 | G132: 941000000000000 | H132: 941000000000000 | I132: g
... A154: 72 | B154: 2025-06-30 13:48:36+00:00 | C154: 2025-07-02 14:58:40+00:00 | D154: 村子裡的凱莉哥 | E154: kellyshen40 | F154: https://lookaside.facebook.com/mcl/multimedia/lookaside/?download_info=AZteQaBA5FdQwUjezRSAELyQ2FdbkipYnP6UGGZ4Cv06t8ICOYfivG4gZXrVc0XLjsZLtq4JpUvynA0_SAyIVobdtwTZR7WxioD3yeBLtdZubrgdzHden7VnO8UGyr2hzJSrH0sEr0CuOw3PDgVN--XrRIJ0 | G154: 2.07e+15 | H154: 2.07e+15 | I154: c
A155: 0 | B155: 2025-01-02 15:02:49+00:00 | C155: 2025-08-29 04:53:21+00:00 | D155: 琳妲-林羿禎💕 | E155: linda831212 | F155: https://lookaside.facebook.com/mcl/multimedia/lookaside/?download_info=AZtWy9CqeqcADOE3LqXnjMlbxzcKxzrKrIykL2JCCAGFjBuHZfmnQF3OlSyfGrWWHK_JGt6GK-oLoAbYPC1LKVd85e412_S1NjlS_0boefiCbZ1FxCsfnGBBZWC8Eqi6bzgsYsjY-NcIIJP930TMFZ-Y0DM | G155: 886000000000000 | H155: 886000000000000 | I155: Media Access Expired | J155: 已重新下載
A156: 1 | B156: 2025-01-03 14:07:34+00:00 | C156: 2025-02-10 21:41:02+00:00 | D156: 琳妲-林羿禎💕 | E156: linda831212 | F156: https://lookaside.facebook.com/mcl/multimedia/lookaside/?download_info=AZu3ktiYpEcYqSZzHBAWiiNCfuXArtj9u4Tr0Ju8SXwfvjZYmT0UBpSWWhQK7Ozu2E-T5tEpLfSK0sbgPFjTxlji49TeqFbE2ASH9SIaWX1ph4qBx4wTQ2TloRsgZc5nlZQEO0_yor7vZSSzRhgflbEALlY | G156: 877000000000000 | H156: 877000000000000 | I156: Media Access Expired | J156: 已重新下載
A157: 2 | B157: 2025-01-04 13:36:24+00:00 | C157: 2025-09-24 20:59:11+00:00 | D157: 琳妲-林羿禎💕 | E157: linda831212 | F157: https://lookaside.facebook.com/mcl/multimedia/lookaside/?download_info=AZs0rmh1ibGj7Acu1Bl04Nf3vN8CCQUFxLjBN2wNw3awMxJT-B8OwVwe1SngkxZXRXcrmK67TssLRa1viIHF00u0dBtgS9eqLVlbicDiQKBVxJo9HgyeyWrtCT0TR5z4b7_0V0ANGvjAql67I2_aXvTZIXMY | G157: 1.22e+15 | H157: 1.22e+15 | I157: Media Access Expired | J157: 已重新下載
A158: 3 | B158: 2025-01-05 15:17:58+00:00 | C158: 2025-04-30 05:59:12+00:00 | D158: 琳妲-林羿禎💕 | E158: linda831212 | F158: https://lookaside.facebook.com/mcl/multimedia/lookaside/?download_info=AZs8pnW5Mt2G3wTfHXAIgJQeF2Sye_dUY3cztt624CLxi3gfAC0fjGNwRTrU28huvtpSxCVnTtAxAob7wNI5V_8Vg8plxUqHE5guzHX2L4jfhNW5CfOcYNCbCO010-XthSiJsU314LeaE94syosXAvdZNx-M | G158: 2.45e+15 | H158: 2.45e+15 | I158: Media Access Expired | J158: 已重新下載
A159: 4 | B159: 2025-01-06 03:48:16+00:00 | C159: 2025-05-01 00:07:00+00:00 | D159: 琳妲-林羿禎💕 | E159: linda831212 | F159: https://lookaside.facebook.com/mcl/multimedia/lookaside/?download_info=AZsHPQSxSorcZOGfa8D7XiWpf3PofyFBTPxB8ZELWlzZrgaEKXX5LGhnGYZTYU2HXeBxeHsGSqVtLh0a-XHvKd86wuGoATylpy1U1nHTgNj5BMZY6CvQ5LeCnWEEEZYnynnawM31AvzddOBn3am0mIQsB0VP | G159: 1.62e+15 | H159: 1.62e+15 | I159: Media Access Expired | J159: 已重新下載
A160: 5 | B160: 2025-01-10 11:41:26+00:00 | C160: 2025-05-02 07:30:37+00:00 | D160: 琳妲-林羿禎💕 | E160: linda831212 | F160: https://lookaside.facebook.com/mcl/multimedia/lookaside/?download_info=AZuFyQ-1uSu9MpPNnij2eLErejZV9u5YC0gYb63zNKYeiTzYNL0s5IbiNJ7lbrsMH3STalnqzaxUiLIeAewjlj0Ut4qA1AVKa0fz5Hxe3YFL3qmJXKJ-8E2lsW7e0M0FLdXcJOtx_bREafwew_bd0kjZDr4 | G160: 767000000000000 | H160: 767000000000000 | I160: Media Access Expired | J160: 已重新下載
A161: 6 | B161: 2025-01-11 13:01:40+00:00 | C161: 2025-09-02 23:47:43+00:00 | D161: 琳妲-林羿禎💕 | E161: linda831212 | F161: https://lookaside.facebook.com/mcl/multimedia/lookaside/?download_info=AZuTsgvQTg8yJiXtTk0gwGioww_4Mf1KiPfTXM_XpvbwdEwQ-1gaeYyPs6LdeHGAczaS2AKXVEsGHvLjgvNDwXuipm04fbU2MxytRp4ocTNVVme_oasBtFub3P9jIiu3PrUeGdqoPAOaf5yJuexPzUj5NxsX | G161: 1.66e+15 | H161: 1.66e+15 | I161: Media Access Expired | J161: 已重新下載
A162: 7 | B162: 2025-01-12 13:23:51+00:00 | C162: 2025-03-27 20:49:52+00:00 | D162: 琳妲-林羿禎💕 | E162: linda831212 | F162: https://lookaside.facebook.com/mcl/multimedia/lookaside/?download_info=AZuC_b2Xu_RghMkPYhv9o6Tg_sPC7b2lJc_fYQGYbdlVYRGyyFomzVUwvdQSxToT5N2x4zDyvG1Zify0THXpCFURdj7I5rq4evOtm69-a9wne2MIGPS-tDHAhadJBcclDlWcOd0ZMnEUhOuEvmrpC-b_Byd3 | G162: 1.26e+15 | H162: 1.26e+15 | I162: Media Access Expired | J162: 已重新下載
A163: 8 | B163: 2025-01-19 10:29:13+00:00 | C163: 2025-09-10 17:10:08+00:00 | D163: 琳妲-林羿禎💕 | E163: linda831212 | F163: https://lookaside.facebook.com/mcl/multimedia/lookaside/?download_info=AZu70EfHYzoHPzBwtx2O9T7pw8ja_wBRunfc3G_sL9FyMHq996LFcOQZCAJOhXf5hMpRXQpQptlUtcs8tNEv89LVEqkHiyIatTutrti0if1l71tnxrZp5zM5Wd_LLEid_eNGQ28gjcX-1nAN4nVZLXujrkZb | G163: 1.22e+15 | H163: 1.22e+15 | I163: Media Access Expired | J163: 已重新下載
A164: 9 | B164: 2025-01-21 13:10:35+00:00 | C164: 2025-04-30 14:39:08+00:00 | D164: 琳妲-林羿禎💕 | E164: linda831212 | F164: https://lookaside.facebook.com/mcl/multimedia/lookaside/?download_info=AZtIt-hnL_jeiR0vXKDd7oBsgjyrzFnOyNefEz8gnKCAlq3yy4i40rUO0kI761fwe1DS-eU2myvaq9zFyMI_7gy1BWnVU5WM7xOEHynPTmkIYIOzzxJil1AdMJyvO4ZgAefV_C-v8jmL13GlQdgqggTl6nQ | G164: 837000000000000 | H164: 837000000000000 | I164: Media Access Expired | J164: 已重新下載
A165: 10 | B165: 2025-01-28 11:13:17+00:00 | C165: 2025-09-09 01:48:43+00:00 | D165: 琳妲-林羿禎💕 | E165: linda831212 | F165: https://lookaside.facebook.com/mcl/multimedia/lookaside/?download_info=AZt0hLmlg9WwHCHv1x9XRFvtl8BO_WOsWDevZIMNekAut5ln0CgUHTEuIKalGE-xIzNJeI_x6E_BnRLZneRdBROM4Ovl_jInUjHdh1DiIsvXWoMS4vPJy4_ohqiMsjM3gyDu8s091i9HB611bBcTdrmyG2w | G165: 877000000000000 | H165: 877000000000000 | I165: Media Access Expired | J165: 已重新下載
A166: 11 | B166: 2025-02-01 13:11:15+00:00 | C166: 2025-05-02 06:37:31+00:00 | D166: 琳妲-林羿禎💕 | E166: linda831212 | F166: https://lookaside.facebook.com/mcl/multimedia/lookaside/?download_info=AZtV7Zxfwv_wWhR3CilDcEtv_aNhc3eRstt9jAdSnEBXChruFTclhkD1my2WlcsIp8a6RWiLsI6AGfMJT9JVsoSykh30AAwIGV_8l3426JZoXz8x8EijaOgnDdD3NHtxA_Pw3UFCia3RcaJZJWRP22BZmdhs | G166: 1.53e+15 | H166: 1.53e+15 | I166: Media Access Expired | J166: 已重新下載
... A234: 89 | B234: 2025-10-28 15:55:05+00:00 | C234: 2025-11-03 02:16:10+00:00 | D234: 林進 Lingin 林東進 飛醺卑鄙 Fashionbaby | E234: lingin1209 | F234: https://lookaside.facebook.com/mcl/multimedia/lookaside/?download_info=AZvJn51eWMeYUGgkXfhsES7jemgEiKuD1C7UBaoyRFVYKWjNWIeGDxg1tVyc9qd7bS0ZCxsFX9Q_MsO_xQqXL869wEz3_pCrH3dEwhKE3ff35FKtcpWH5N6qPeY7WDp5JwsDzvn1A4d5bmlXmiHH61UEcuse | G234: 1.26e+15 | H234: 1.26e+15 | I234: Media Access Expired | J234: 已重新下載
A235: 9 | B235: 2025-02-16 09:36:31+00:00 | C235: 2025-02-18 13:46:36+00:00 | D235: 方建豪 | E235: martinispig | F235: https://lookaside.facebook.com/mcl/multimedia/lookaside/?download_info=AZuvL9u5pnlD-pMiMHvQvNGLUva6sgRr3shiBQ3msqL_MwOsSkWqSIVmoRvWyexUL0NMRS3GnnjP6Nvj-ugDzepnW10wT47FcwFKQlze6I88ApwgO6TpKMAxNRFusBHky_ONXujkpzW8ni8nMgml6To6xS8 | G235: 851000000000000 | H235: 851000000000000 | I235: c
A236: 11 | B236: 2025-02-19 09:38:00+00:00 | C236: 2025-11-14 00:51:05+00:00 | D236: 方建豪 | E236: martinispig | F236: https://lookaside.facebook.com/mcl/multimedia/lookaside/?download_info=AZvZWk7Fneihjyp5ttp3BBCv_X4C30OVwYX4a9SFj5if6JaDnpb8VpoYPmdxgYQAYTBDyRFZ0_cqoGcmpCa9Pyoa8gT0PcrNpC17IOJ-8SIHjJCQvwtkm5TwjtTBT7V0_2PWjC7qoB4fNZv_4hFdzF2AaSs | G236: 962000000000000 | H236: 962000000000000 | I236: c
A237: 13 | B237: 2025-02-24 09:57:23+00:00 | C237: 2025-09-26 21:14:51+00:00 | D237: 方建豪 | E237: martinispig | F237: https://lookaside.facebook.com/mcl/multimedia/lookaside/?download_info=AZuFTwfI9BPWvwz5aJTO8daLYsAWPe15MR5DznvkOe7eL_c_U4jWYNnQ8cWkFhdoeccQWy3frBYzK3q7kZMWmL3916zl43GaHyWr6rE_s0ckKT-9dd8VGLnAB3an4nC2IFSTBtT15xjMf5AlLHrN2yvByf8 | G237: 894000000000000 | H237: 894000000000000 | I237: c
A238: 17 | B238: 2025-02-28 10:02:31+00:00 | C238: 2025-03-03 16:52:37+00:00 | D238: 方建豪 | E238: martinispig | F238: https://lookaside.facebook.com/mcl/multimedia/lookaside/?download_info=AZuAgXAn7a88shq2ghyPb5lbrd7G_cXuiRzOmEIYWdZhlLXLoQ22rSJc6c2HrXQ8dNQCbtPA9140pCYB0zDhgd-Zegvv3d_dwyEGLW3eZh7lGxUEhaz_e2pZvwe9U6R0XTXS3rfS5vfZO6vgMpZdh-5U_-pH | G238: 1.24e+15 | H238: 1.24e+15 | I238: c
A239: 20 | B239: 2025-03-09 09:31:32+00:00 | C239: 2025-09-30 17:15:10+00:00 | D239: 方建豪 | E239: martinispig | F239: https://lookaside.facebook.com/mcl/multimedia/lookaside/?download_info=AZs1RoX6VWPbu68mCu2T6gXpsb6Ee3G1sFVW3G3ttddpZUqOED6RaXMI3VVK4m3dX2RSFCIaoPmXh9bNVgJ3GnJaYxFaK3_w0R_UQ9S36O8PWVC8hwC2_8AkSaoWrH5oqpunu8TDkJpTbP5sq0qCJdNLaGc | G239: 954000000000000 | H239: 954000000000000 | I239: c
A240: 22 | B240: 2025-03-16 11:32:14+00:00 | C240: 2025-03-18 15:12:19+00:00 | D240: 方建豪 | E240: martinispig | F240: https://lookaside.facebook.com/mcl/multimedia/lookaside/?download_info=AZvGewKK0yPYUe0dV1wmXvA2-JnzkTBB-B7CpvFGqiuUqrcNKD9C9FXEvm8kYJKRQ4sfCEPa3g7-iQm9OK39eXn_jzwIueA-BwYr_kRuaEqrnhHkRVvEc1GarqPszsUJ-1Wd6mtI_SweTh28W-mCXBWyYw0 | G240: 918000000000000 | H240: 918000000000000 | I240: c
A241: 24 | B241: 2025-03-18 11:34:39+00:00 | C241: 2025-10-13 07:08:18+00:00 | D241: 方建豪 | E241: martinispig | F241: https://lookaside.facebook.com/mcl/multimedia/lookaside/?download_info=AZs-U3antkU9Seamuep4hlBjEs47VOat7CDdGu3KAuKE5BDCMXIeypatzGFRPyQMNZXiuwO8tdoLUDw_sKAU_cNGTd1XwT2C4m2-p0tKcfmZMgwTJfnZ3hZOzXa6y5DAhT-g6Jt4HmRYqd1r5YO5SQria3Fi | G241: 1.41e+15 | H241: 1.41e+15 | I241: c
A242: 26 | B242: 2025-03-24 10:10:10+00:00 | C242: 2025-03-26 19:40:15+00:00 | D242: 方建豪 | E242: martinispig | F242: https://lookaside.facebook.com/mcl/multimedia/lookaside/?download_info=AZuA3kZi6YaPSqrMwJkBxGFNugLqnjhQn1-935Ug2JBSM4xXCa1aa53ux9Rr-IihKx_WTCr4V1TEJFhbqauWKuNiNU3VhtFMw8XUCl2Ca58UnrWBcmItstADvP3yjIgF4IcMhQYaMss19n9-uy_3V6ytJbKz | G242: 1.33e+15 | H242: 1.33e+15 | I242: c
A243: 28 | B243: 2025-03-25 13:47:50+00:00 | C243: 2025-05-18 15:31:28+00:00 | D243: 方建豪 | E243: martinispig | F243: https://lookaside.facebook.com/mcl/multimedia/lookaside/?download_info=AZvOBe0kXuPuJ9Sa84hM7YFzXDsuxyuZrNjQsk1Lxiowv2bHBnjCuXjjm-_gTi1qQHHmp_nCLFUp3XvpwPfYQu9g9lBxuNAm-PVJVFJ-GxKK9vHKORHMWhQNKv0aqKgeDQT7SeT3a8q7LmHVALFYHejHza85 | G243: 1.63e+15 | H243: 1.63e+15 | I243: c
A244: 30 | B244: 2025-03-26 10:03:58+00:00 | C244: 2025-03-31 17:54:04+00:00 | D244: 方建豪 | E244: martinispig | F244: https://lookaside.facebook.com/mcl/multimedia/lookaside/?download_info=AZutOQwJvRUxe8VX3YQYODxyy8WWjA4j3dtM4jK7vB0-6vflRZ43v8elQd-2h7QwJRchNYYtFxvwTv78NDoQVAPLTIgz2TC7v5IUhUykFaAYSHwSgWh1xHjdzSXTqtG9jfbffaHka3MT89COQvHgG8c_30HH | G244: 2.18e+15 | H244: 2.18e+15 | I244: c
A245: 32 | B245: 2025-04-01 09:33:11+00:00 | C245: 2025-04-04 21:53:17+00:00 | D245: 方建豪 | E245: martinispig | F245: https://lookaside.facebook.com/mcl/multimedia/lookaside/?download_info=AZtqxFX5cACR2xqXULA7Yz32UA-9HIrD2fMPetvI-gk-XSsezLWdbIYdpnG0aKxrwL_ujWanhchWCjZN585GE3V6dD_Zw9u7hAByNqdk5b_x1fEnFsbXoA-LNNiUahNzwypSbfN3QlRSH00wMsEyPFr9qbYT | G245: 1.42e+15 | H245: 1.42e+15 | I245: c
A246: 34 | B246: 2025-04-02 09:30:54+00:00 | C246: 2025-04-04 12:11:01+00:00 | D246: 方建豪 | E246: martinispig | F246: https://lookaside.facebook.com/mcl/multimedia/lookaside/?download_info=AZsSiTiqJXDwJ3L0PIiQPAU1sTMe70mNvPt5f4xqVLyVmUsWGprDWv7_hULwSVWMXmgRnx4znJGU2SoVEXkLHjK1dXxZKounwDYw5HpmSWL6R9qTwRHCJV__sYfyW45SbQgtGtdwSzAgABCVVVHtfzHu8U7iUQ | G246: 2.66e+16 | H246: 2.66e+16 | I246: c
... A273: 106 | B273: 2025-12-14 10:10:50+00:00 | C273: 2025-12-16 19:12:01+00:00 | D273: 方建豪 | E273: martinispig | F273: https://lookaside.facebook.com/mcl/multimedia/lookaside/?download_info=AZv5HCAsEGIjliH8xtH6QuzN64SbqtQw-8pavD3KnNErkMRospsXKzPKLG4_5ycU1KKY1exUlHHgn0UwA4WF1LjgCKsStnJY4BgMFIB5_--jol5P-SqKeLALsvfe_QhlgCrSEA78nObPKpLYSmY7Zb8ziz41 | G273: 1.5e+15 | H273: 1.5e+15 | I273: c
A274: 0 | B274: 2024-12-31 17:48:49+00:00 | C274: 2025-02-18 20:17:27+00:00 | D274: 葳老闆｜周品均 | E274: mayukichou | F274: https://lookaside.facebook.com/mcl/multimedia/lookaside/?download_info=AZveEWMN2XUfhwzm-SfbfG_RUmqTSvgkPmzhbDnDFr0m67wD4YbYMCW--soA2djw1sm3i1f3FzlqQTIVvJQistPvphrvgoovKgQQqosBzoIcDkxP3Wx_mUiytF5JS133m0YSKIG-n11QF0Utjzpu1_g9rdX9 | G274: 1.3e+15 | H274: 1.3e+15 | I274: Media Access Expired | J274: 已重新下載
A275: 1 | B275: 2024-12-31 18:17:58+00:00 | C275: 2025-02-18 20:17:27+00:00 | D275: 葳老闆｜周品均 | E275: mayukichou | F275: https://lookaside.facebook.com/mcl/multimedia/lookaside/?download_info=AZsbrZw6MBcmSzrRI3w4s96auNTefadI6E9i-uhBNj1wuGlxkYUVoG2WxFk0J6j-p90md6lb5NVfMYXjLPB_L6MvOfYvTNIc7vUwuTPeIdYudtmzHIpAVQzX46pPLlXP3ZSGpUSlZ1yuKZFHK0KzaAvuItFn | G275: 1.23e+15 | H275: 1.23e+15 | I275: Media Access Expired | J275: 已重新下載
A276: 17 | B276: 2025-03-07 03:44:47+00:00 | C276: 2025-04-26 06:33:57+00:00 | D276: 小葵 XiaoKui | E276: miao11255 | F276: https://lookaside.facebook.com/mcl/multimedia/lookaside/?download_info=AZtr20e_AqMsnR_ojdoolzOtX_AadBuQMSx1Kab0OByATQK2MbcjP5T4GpRT0HU5ZpcUPYq7c_jYTzsj_4xlpMASLG5oMln63AcFhY46fdyCwYiKROdkuMVPg3ZsuzDTXQSxaSczLyjIuo544BB2c79lnZDh | G276: 1.24e+15 | H276: 1.24e+15 | I276: c
A277: 19 | B277: 2025-03-08 08:16:38+00:00 | C277: 2025-04-07 10:09:24+00:00 | D277: 小葵 XiaoKui | E277: miao11255 | F277: https://lookaside.facebook.com/mcl/multimedia/lookaside/?download_info=AZtkS4ToZ4nMc8_eNpCdncSUGvdM9YB3CN85S1a0ZSm9DquuLpeM2WaJnbvrB7EhkHns1zVbMcJpehWB92Grf7yd_x54hRados08q_-woeDaawJtQfW7mOcm7MHxk4o_kT7JbPCb92aTkoLTu5ljb_rc45g- | G277: 1.26e+15 | H277: 1.26e+15 | I277: c
A278: 20 | B278: 2025-03-10 14:10:36+00:00 | C278: 2025-03-10 17:10:41+00:00 | D278: 小葵 XiaoKui | E278: miao11255 | F278: https://lookaside.facebook.com/mcl/multimedia/lookaside/?download_info=AZt6FyjRUNIL83EZGpCAtc5_Vhkey0H2k63v8SWydLOkCOrBdq_k_kF5ZKPzsG3l6otWW_5B_CBb9iclj_NtzP2oYQV5CvWsEVg1DNJ-BDOrOvTYQlrjn4lOlBQ6FlEnq_DggABnrCeT82sGAoKfo7Ru7tqw | G278: 2.32e+15 | H278: 2.32e+15 | I278: c
A279: 23 | B279: 2025-03-14 06:38:18+00:00 | C279: 2025-05-05 08:18:38+00:00 | D279: 小葵 XiaoKui | E279: miao11255 | F279: https://lookaside.facebook.com/mcl/multimedia/lookaside/?download_info=AZsqhBkR83RY3nHRn-OVDHeKacRpipXxLWBVkDyR1cX3M4lhp4TERzG9vGB5mZm2a2s5URRl0oo9wKwnEnzUQaUU2g79Qbnuttnn2wvSXD9xRBpZWPdGO8EoTX_GEdw2F46ShbaPxGZMaGA8_0q2w3_xsA0 | G279: 785000000000000 | H279: 785000000000000 | I279: c
...

Sheet 「aisa200」的副本
A1: Aisa_Order | B1: person_name | C1: ig_name | D1: ig_id | E1: ig_strong_id | F1: done | G1: posts | H1: Followers | I1: Following | J1: ig_url | K1: ig_url ig_private | L1: ig_notSure_notFound | M1: ig_repeat | N1: category | O1: followers
A2: 1 | B2: 蔡阿嘎 | C2: 蔡阿嘎 | D2: yga0721 | E2: 45717781 | F2: 1 | J2: https://www.instagram.com/yga0721/ | N2: 趣味搞笑 | O2: 5893570
A3: 2 | B3: Joeman | C3: Joeman 九妹 | D3: joemanweng | E3: 360484090 | F3: g | J3: https://www.instagram.com/joemanweng/ | N3: 美食料理,3C科技,趣味搞笑 | O3: 3987069
A4: 3 | B4: 黃阿瑪的後宮生活 | C4: 黃阿瑪的後宮生活 | D4: fumeancat | E4: 1399123752 | F4: 1 | G4: 4527 | H4: 105萬 | I4: 159 | J4: https://www.instagram.com/fumeancat/ | N4: 寵物 | O4: 4118794
A5: 4 | B5: 千千進食中 | C5: 千千 | D5: khshu_ | E5: 254432523 | F5: g | G5: 989 | H5: 88.8萬 | I5: 962 | J5: https://www.instagram.com/khshu_/ | N5: 美食料理 | O5: 3609387
A6: 5 | B6: 小象愛出門 | C6: 小象愛出門 | D6: elephant_gogo | E6: 484667815 | F6: g | J6: https://www.instagram.com/elephant_gogo/ | N6: 美食料理,旅遊 | O6: 1160238
A7: 6 | B7: 那對夫妻 | C7: 那對夫妻Nico&Kim | D7: 1006nk | E7: 1701651749 | F7: 1 | J7: https://www.instagram.com/1006nk/ | N7: 趣味搞笑,家庭母嬰,表演藝術 | O7: 4578282
A8: 7 | B8: How-Fun-如何爽 | C8: HowHow | D8: howhowhasfriends | E8: 6505088311 | F8: 1 | J8: https://www.instagram.com/howhowhasfriends | N8: 趣味搞笑 | O8: 2758663
A9: 8 | B9: PanSci 泛科學 | C9: PanSci 泛科學 | D9: pansci | E9: 1455058965 | F9: 1 | J9: https://www.instagram.com/pansci/ | N9: 知識教育 | O9: 1900400
A10: 9 | B10: 一隻阿圓 | C10: 一隻阿圓 | D10: nanaciaociao | E10: 313471712 | F10: 1 | G10: 3490 | H10: 56.1萬 | I10: 1038 | J10: https://www.instagram.com/nanaciaociao/ | N10: 美妝保養,時尚潮流,旅遊 | O10: 1734796
A11: 10 | B11: 欸你這週要幹嘛 | C11: 欸你這週要幹嘛 | D11: arielsvlog_816 | E11: 8320554996 | F11: 1 | J11: https://www.instagram.com/arielsvlog_816/ | N11: 趣味搞笑 | O11: 2339911
A12: 11 | B12: 77老大 | C12: 77老大 | D12: basil_77777 | E12: 1 | F12: https://www.instagram.com/basil_77777/ | N12: 醫療健康,知識教育 | O12: 2808129
A13: 12 | B13: 那個女生 Kiki | N13: 美食料理,知識教育 | O13: 1793484
A14: 13 | B14: 阿滴英文 | N14: 知識教育 | O14: 4987120
A15: 14 | B15: 好味小姐 | C15: 好味小姐與蛋捲,短褲,麻糊,米香,橘皮,本丸,圓仔,More | D15: ladyflavor | E15: 3417748590 | F15: 1 | J15: https://www.instagram.com/ladyflavor/ | N15: 美食料理,寵物 | O15: 1592539
A16: 14 | B16: 好味小姐 | C16: 好味小姐脆脆 | D16: ladyflavor_cui | E16: 3656815405 | F16: 1 | J16: https://www.instagram.com/ladyflavor_cui/
A17: 14 | B17: 好味小姐 | C17: 好味小姐腦波弱跟Podcast | D17: ladyflavor_nowpo | E17: 53675526308 | F17: 1 | J17: https://www.instagram.com/ladyflavor_nowpo/
A18: 15 | B18: 廉傑克曼 | C18: 張廉傑 RJ / 阿傑 | D18: jaychang0127 | E18: 328078093 | F18: g | G18: 1841 | H18: 41.3萬 | I18: 4009 | J18: https://www.instagram.com/jaychang0127/ | N18: 遊戲電玩 | O18: 1170390
A19: 16 | B19: 江老師 | C19: 我是江老師 | D19: teacherchiang | E19: 30136496472 | F19: g | G19: 1898 | H19: 30.6萬 | I19: 621 | J19: https://www.instagram.com/teacherchiang | N19: 表演藝術,時尚潮流,家庭母嬰 | O19: 1343583
A20: 17 | B20: 那些電影教我的事 | C20: 那些電影教我的事 | D20: lessonsfrommovies | E20: 485234984 | F20: 1 | J20: https://www.instagram.com/lessonsfrommovies/ | N20: 影視評論 | O20: 3862684
A21: 18 | B21: 豆漿--Soybean-Milk | C21: 豆漿-SoybeanMilk | D21: soybeanmilk_cat | E21: 5556187464 | F21: 1 | J21: https://www.instagram.com/soybeanmilk_cat/ | N21: 寵物 | O21: 1835218
A22: 19 | B22: Onion-man-洋蔥先生與阿文 | C22: 洋蔥先生與阿文 | D22: onionman__ | E22: 1981431196 | F22: g | G22: 1172 | H22: 45.7萬 | I22: 921 | J22: https://www.instagram.com/onionman__/ | N22: 表演藝術,趣味搞笑 | O22: 3133655
A23: 20 | B23: 人類超有病 Baxuan | C23: 霸軒BAXUAN | D23: baxuan_ig | E23: 1959578996 | F23: g | G23: 1061 | H23: 73.9萬 | I23: 2826 | J23: https://www.instagram.com/baxuan_ig/ | N23: 表演藝術,趣味搞笑 | O23: 2789691
A24: 21 | B24: 大蛇丸 | C24: 大蛇丸 | D24: jam_cutepig | E24: 2214964723 | F24: 1 | J24: https://www.instagram.com/jam_cutepig/ | N24: 趣味搞笑 | O24: 2040947
A25: 22 | B25: Andy老師 | C25: Andy老師 | D25: andy1994x | E25: 4017891221 | F25: 1 | J25: https://www.instagram.com/andy1994x/ | N25: 趣味搞笑,表演藝術 | O25: 4471750
A26: 23 | B26: 超認真少年-I'm-Serious | C26: 超認真少年 | D26: imseriou | E26: 8743462644 | F26: g | G26: 1517 | H26: 13.7萬 | I26: 744 | J26: https://www.instagram.com/imseriou/ | N26: 知識教育 | O26: 1219271
A27: 24 | B27: 三原慧悟-Sanyuan_JAPAN | C27: 三原 慧悟/サンエン/Mr.3 | D27: sanyuan_japan | E27: 2036845994 | F27: 1 | J27: https://www.instagram.com/sanyuan_japan/ | N27: 旅遊,趣味搞笑 | O27: 2199000
A28: 25 | B28: 貓貓蟲-咖波 | C28: Bugcat Capoo | D28: bugcat_capoo | E28: 2122019014 | F28: 1 | J28: https://www.instagram.com/bugcat_capoo/ | N28: 表演藝術 | O28: 6539880
A29: 26 | B29: Ian&Eric | N29: 旅遊,趣味搞笑 | O29: 2226005
A30: 27 | B30: 黃氏兄弟 | C30: 黃氏兄弟 | D30: huangbrotherss | E30: 6231869789 | F30: 1 | J30: https://www.instagram.com/huangbrotherss/ | N30: 趣味搞笑,表演藝術 | O30: 3051036
A31: 28 | B31: 我得了一種吃菜就會死的病-微疼 | N31: 表演藝術,趣味搞笑 | O31: 2509942
A32: 29 | B32: 琳妲-林羿禎 | C32: 琳妲-林羿禎💕 | D32: linda831212 | E32: 262292089 | F32: g | G32: 5210 | H32: 98.7萬 | I32: 2400 | J32: https://www.instagram.com/linda831212/ | N32: 表演藝術,趣味搞笑 | O32: 2688159
A33: 30 | B33: 白癡公主 | C33: 白癡公主 | D33: 87acup | E33: 323227199 | F33: 1 | J33: https://www.instagram.com/87acup/ | N33: 趣味搞笑 | O33: 3796221
A34: 31 | B34: KEOKI BLACK布萊克薛薛 | C34: 布萊克薛薛Drangadrang | D34: k3okii | E34: 192726292 | F34: 1 | J34: https://www.instagram.com/k3okii/ | N34: 旅遊,美食料理 | O34: 1200469
A35: 32 | B35: 厭世甜點店 | N35: 美食料理 | O35: 817219
A36: 33 | B36: 陳彥婷 | C36: 陳彥婷 Tiffany | D36: thetiffanychen | E36: 4053642540 | F36: 1 | J36: https://www.instagram.com/thetiffanychen/ | N36: 趣味搞笑 | O36: 1601595
A37: 34 | B37: 魚乾 | C37: 魚乾 | D37: annie72127 | E37: 310596431 | F37: 1 | J37: https://www.instagram.com/annie72127/ | N37: 寵物,遊戲電玩,趣味搞笑 | O37: 2023760
A38: 35 | B38: 志祺七七 | C38: 志祺 | D38: shasha77.daily | E38: 7011513421 | F38: 1 | J38: https://www.instagram.com/shasha77.daily/ | N38: 知識教育,時事討論,高階經理人 | O38: 1935680
A39: 36 | B39: HOOK | C39: HOOK | D39: helloiamhook | E39: 6666970922 | F39: 1 | J39: https://www.instagram.com/helloiamhook/ | N39: 寵物,旅遊,美食料理 | O39: 2877515
A40: 37 | B40: 木曜4超玩 | C40: 木曜4超玩 | D40: muyao4 | E40: 5422332449 | F40: 1 | J40: https://www.instagram.com/muyao4/ | N40: 旅遊 | O40: 3229080
A41: 38 | B41: 丹妮婊姐 | C41: 丹妮婊姐星球 | D41: dannybeeech | E41: 1387337609 | F41: 1 | G41: 1231 | H41: 25.7萬 | I41: 2 | J41: https://www.instagram.com/dannybeeech/ | N41: 美妝保養,時尚潮流,趣味搞笑 | O41: 1174230
A42: 39 | B42: 泱泱LYNN | C42: 泱泱LYNN | D42: lynnwu0219_2 | E42: 47642521277 | F42: 1 | J42: https://www.instagram.com/lynnwu0219_2/ | N42: 帶貨分潤 | O42: 1965591
A43: 40 | B43: HahaTai-哈哈台 | C43: HahaTai 哈哈台 | D43: hahatai_official | E43: 2373420238 | F43: g | J43: https://www.instagram.com/hahatai_official/ | N43: 趣味搞笑 | O43: 2018440
A44: 41 | B44: 丁特 Dinter | N44: 遊戲電玩 | O44: 1600408
A45: 42 | B45: 彼得爸與蘇珊媽 | C45: 彼得爸與蘇珊媽 | D45: peter_and_susan | E45: 22917989 | F45: g | G45: 3128 | H45: 11.5萬 | I45: 1251 | J45: https://www.instagram.com/peter_and_susan/ | N45: 旅遊,家庭母嬰,帶貨分潤 | O45: 741306
A46: 43 | B46: 阿翰po影片 | N46: 趣味搞笑 | O46: 2812701
A47: 44 | B47: 愛里 | C47: 愛里 | D47: allie.liao | E47: 1962736611 | F47: g | G47: 173 | H47: 61.3萬 | I47: 1321 | J47: https://www.instagram.com/allie.liao/ | N47: 知識教育,趣味搞笑 | O47: 1135265
A48: 45 | B48: 這群人 尼克 | N48: 趣味搞笑,表演藝術 | O48: 1466257
A49: 46 | B49: 蔡桃貴 | C49: 蔡桃貴 | D49: tsaigray2018 | E49: 8047388429 | F49: 1 | J49: https://www.instagram.com/tsaigray2018/ | N49: 家庭母嬰,趣味搞笑 | O49: 2629703
A50: 47 | B50: Ru's-Piano-Ru味春捲 | C50: Ru味春捲Ru's Piano | D50: ruruspiano | E50: 589042879 | F50: g | G50: 1332 | H50: 22.2萬 | I50: 693 | J50: https://www.instagram.com/ruruspiano/ | N50: 表演藝術 | O50: 3023789
A51: 48 | B51: 阿啾繪圖同萌 | C51: 阿啾小劇場 | D51: achusan0817 | E51: 2214961036 | F51: 1 | J51: https://www.instagram.com/achusan0817/ | N51: 表演藝術,趣味搞笑 | O51: 2064380
A52: 48 | B52: 阿啾繪圖同萌 | C52: 劉啾慶 | D52: achu08177 | E52: 6183789581 | F52: 1 | J52: https://www.instagram.com/achu08177/
A53: 49 | B53: 黃大謙 | N53: 趣味搞笑 | O53: 2073696
A54: 50 | B54: 愛莉莎莎-Alisasa | C54: 愛莉莎莎Alisasa 🐨 | D54: goodalicia | E54: 328949039 | F54: g | G54: 1636 | H54: 61.3萬 | I54: 1266 | J54: https://www.instagram.com/goodalicia/ | N54: 美妝保養,時尚潮流 | O54: 2282925
A55: 51 | B55: 見習網美小吳 | C55: 見習網美小吳 | D55: beauty___wu | E55: 264560267 | F55: g | G55: 1728 | H55: 75.9萬 | I55: 769 | J55: https://www.instagram.com/beauty___wu/ | N55: 美妝保養,趣味搞笑 | O55: 2457900
A56: 52 | B56: Charlene Liu 查理 | N56: 美妝保養,時尚潮流,旅遊 | O56: 1182828
A57: 53 | B57: PEETA葛格 | C57: PEETA葛格 | D57: peeta.gege | E57: 255612709 | J57: https://www.instagram.com/peeta.gege/ | N57: 運動健身 | O57: 1234263
A58: 54 | B58: 波蘭女孩x台灣男孩 在家環遊世界 | N58: 旅遊,美食料理 | O58: 855382
A59: 55 | B59: 連環泡有芒果 | N59: 美食料理,寵物,趣味搞笑 | O59: 1376204
A60: 56 | B60: Emma艾瑪 | C60: Emma 艾瑪 | D60: xollox121 | E60: 255423608 | F60: g | J60: https://www.instagram.com/xollox121/ | N60: 運動健身 | O60: 2021109
A61: 57 | B61: Aries艾瑞絲 | C61: Aries艾瑞絲 | D61: aries_8248 | E61: 453456033 | F61: g | G61: 2021 | H61: 77.4萬 | I61: 938 | J61: https://www.instagram.com/aries_8248/ | N61: 美食料理,表演藝術,趣味搞笑 | O61: 4793236
A62: 58 | B62: 蘿潔塔的廚房 | C62: 蘿潔塔的廚房 | D62: rosalina.kitchen | E62: 2319795781 | F62: 1 | J62: https://www.instagram.com/rosalina.kitchen/ | N62: 美食料理,帶貨分潤 | O62: 3126002
A63: 59 | B63: 瑀熙 Yuci | N63: 旅遊,遊戲電玩 | O63: 3371994
A64: 60 | B64: 這群人TGOP | C64: 這群人 TGOP | D64: thisgroupofpeople | E64: 3179636262 | F64: 1 | G64: 2365 | H64: 63.4萬 | I64: 15 | J64: https://www.instagram.com/thisgroupofpeople/ | N64: 趣味搞笑 | O64: 6437127
A65: 61 | B65: 3cTim哥生活的日常 | N65: 3C科技 | O65: 1525334
A66: 62 | B66: 百變沛莉 Peri | N66: 美妝保養,時尚潮流,家庭母嬰 | O66: 1166453
A67: 63 | B67: 鹿人 | C67: 鹿人 | D67: twodeerman | E67: 1422088439 | F67: 1 | G67: 920 | H67: 41萬 | I67: 207 | J67: https://www.instagram.com/twodeerman/ | N67: 表演藝術,趣味搞笑 | O67: 2154070
A68: 64 | B68: 關韶文 | C68: 關韶文 關關✨ | D68: ethan_kuan_kuan | E68: 270217123 | F68: 1 | G68: 1904 | H68: 36.7萬 | I68: 500 | J68: https://www.instagram.com/ethan_kuan_kuan/ | N68: 美妝保養,趣味搞笑,表演藝術 | O68: 1108765
A69: 65 | B69: 健人蓋伊 | C69: 健人蓋伊 | D69: gu_yuze | E69: 2945747715 | F69: g | J69: https://www.instagram.com/gu_yuze/ | N69: 運動健身 | O69: 1495840
A70: 66 | B70: GINA HELLO! | N70: 美妝保養,時尚潮流,旅遊 | O70: 1866192
A71: 67 | B71: 我是老爸-我不要當爸! | C71: 我是老爸，我不要當爸 | D71: daddy.iam | E71: 3638274950 | F71: g | G71: 546 | H71: 10.2萬 | I71: 300 | J71: https://www.instagram.com/daddy.iam/ | N71: 旅遊,美食料理 | O71: 1212417
A72: 68 | B72: 蛋事超有事EggThings | N72: 表演藝術 | O72: 1842817
A73: 69 | B73: 雨揚樂活家族 | N73: 綜合其他 | O73: 1345502
A74: 70 | B74: 肉比頭Zoebitalk | N74: 旅遊,知識教育 | O74: 1030757
A75: 71 | B75: 現在宅知道 | N75: 遊戲電玩 | O75: 528036
A76: 72 | B76: 人生肥宅x尊 | N76: 趣味搞笑,遊戲電玩 | O76: 2599791
A77: 73 | B77: 啾啾妹 by LIIN | N77: 趣味搞笑,設計創作 | O77: 2012172
A78: 74 | B78: 閃電狼Flash Wolves | C78: FlashWolves 閃電狼 | D78: flashwolves2013 | E78: 3882104752 | F78: 1 | J78: https://www.instagram.com/flashwolves2013/ | N78: 遊戲電玩 | O78: 509072
A79: 75 | B79: 融融歷險記 Ben’s Adventure | N79: 旅遊 | O79: 894363
A80: 76 | B80: 星期天 | C80: 星期天 Sunday | D80: sundayright_dub | E80: 1795150072 | F80: g | G80: 1955 | H80: 18萬 | I80: 1570 | J80: https://www.instagram.com/sundayright_dub/ | N80: 綜合其他 | O80: 1273443
A81: 77 | B81: Yun-Chou | C81: Yun Chou | D81: riceandshine.co | E81: 851583 | F81: g | G81: 2951 | H81: 83.1萬 | I81: 991 | J81: https://www.instagram.com/riceandshine.co/ | N81: 家庭母嬰 | O81: 1593142
A82: 78 | B82: MaoMaoTV | N82: 旅遊 | O82: 1354850
A83: 79 | B83: Evelyn Chen 理科太太 | N83: 醫療健康,時事討論 | O83: 2387970
A84: 80 | B84: 小A辣 | C84: 小A辣🌶️ | D84: ala780705 | E84: 5703523434 | F84: g | G84: 1756 | H84: 35.3萬 | I84: 1481 | J84: https://www.instagram.com/ala780705/ | N84: 趣味搞笑 | O84: 2843019
A85: 81 | B85: 兔女狼 | N85: 旅遊 | O85: 485115
A86: 82 | B86: 有璟妍精요찡옌찡 | N86: 旅遊,美食料理 | O86: 671079
A87: 83 | B87: 滴妹 | N87: 旅遊,美食料理,知識教育 | O87: 2423665
A88: 84 | B88: 莫彩曦Hailey | N88: 綜合其他 | O88: 2231047
A89: 85 | B89: 星光奈奈 | N89: 旅遊,表演藝術 | O89: 979182
A90: 86 | B90: Gary蓋瑞 | N90: 遊戲電玩 | O90: 872819
A91: 87 | B91: Jason-Chen-陳以桐 | C91: Jason Chen 陳以桐 | D91: jasondchen | E91: 32527641 | F91: 1 | J91: https://www.instagram.com/jasondchen/ | N91: 表演藝術 | O91: 5827634
A92: 88 | B92: 台灣妞韓國媳 | N92: 美妝保養,旅遊,帶貨分潤 | O92: 1211490
A93: 89 | B93: cheap 鄭才暐 | N93: 遊戲電玩,時事討論 | O93: 1819617
A94: 90 | B94: 王宏哲教養、育兒寶典 | N94: 家庭母嬰,知識教育,高階經理人 | O94: 1982132
A95: 91 | B95: 小葵-XiaoKui | C95: 小葵 XiaoKui | D95: miao11255 | E95: 1673522323 | F95: g | G95: 1359 | H95: 17.7萬 | I95: 765 | J95: https://www.instagram.com/miao11255/ | N95: 遊戲電玩 | O95: 734186
A96: 92 | B96: High咖-邱志恒 | N96: 趣味搞笑 | O96: 814167
A97: 93 | B97: Lobo 蘿蔔 | N97: 遊戲電玩 | O97: 639131
A98: 94 | B98: 黃小米 Mii | N98: 美妝保養,時尚潮流,旅遊 | O98: 1004034
A99: 95 | B99: 鼻妹的廢話亂畫 | N99: 表演藝術,趣味搞笑 | O99: 829503
A100: 96 | B100: Sandy 珊迪 | C100: Sandykaka 珊迪 | D100: sandykaka_ | E100: 2620202 | F100: 1 | G100: 3268 | H100: 29萬 | I100: 477 | J100: https://www.instagram.com/sandykaka_/ | N100: 美食料理,寵物,遊戲電玩 | O100: 908108
...

Sheet AisaKolTop200新增
A1: Aisa_Order | B1: person_name | C1: Top200新增 | D1: ig_name | E1: ig_id | F1: ig_strong_id | G1: done | H1: posts | I1: Followers | J1: Following | K1: ig_url | L1: ig_url ig_private | M1: ig_notSure_notFound | N1: ig_repeat | O1: category | P1: followers
A2: 1 | B2: 蔡阿嘎 | C2: =IF(LEN(D2)>0,,1) -> 0 | D2: 蔡阿嘎 | E2: yga0721 | F2: 45717781 | G2: 1 | K2: https://www.instagram.com/yga0721/ | O2: 趣味搞笑 | P2: 5893570
A3: 2 | B3: Joeman | C3: =IF(LEN(D3)>0,,1) -> 0 | D3: Joeman 九妹 | E3: joemanweng | F3: 360484090 | G3: g | K3: https://www.instagram.com/joemanweng/ | O3: 美食料理,3C科技,趣味搞笑 | P3: 3987069
A4: 3 | B4: 黃阿瑪的後宮生活 | C4: =IF(LEN(D4)>0,,1) -> 0 | D4: 黃阿瑪的後宮生活 | E4: fumeancat | F4: 1399123752 | G4: 1 | H4: 4527 | I4: 105萬 | J4: 159 | K4: https://www.instagram.com/fumeancat/ | O4: 寵物 | P4: 4118794
A5: 4 | B5: 千千進食中 | C5: =IF(LEN(D5)>0,,1) -> 0 | D5: 千千 | E5: khshu_ | F5: 254432523 | G5: g | H5: 989 | I5: 88.8萬 | J5: 962 | K5: https://www.instagram.com/khshu_/ | O5: 美食料理 | P5: 3609387
A6: 5 | B6: 小象愛出門 | C6: =IF(LEN(D6)>0,,1) -> 0 | D6: 小象愛出門 | E6: elephant_gogo | F6: 484667815 | G6: g | K6: https://www.instagram.com/elephant_gogo/ | O6: 美食料理,旅遊 | P6: 1160238
A7: 6 | B7: 那對夫妻 | C7: =IF(LEN(D7)>0,,1) -> 0 | D7: 那對夫妻Nico&Kim | E7: 1006nk | F7: 1701651749 | G7: 1 | K7: https://www.instagram.com/1006nk/ | O7: 趣味搞笑,家庭母嬰,表演藝術 | P7: 4578282
A8: 7 | B8: How-Fun-如何爽 | C8: =IF(LEN(D8)>0,,1) -> 0 | D8: HowHow | E8: howhowhasfriends | F8: 6505088311 | G8: 1 | K8: https://www.instagram.com/howhowhasfriends | O8: 趣味搞笑 | P8: 2758663
A9: 8 | B9: PanSci 泛科學 | C9: =IF(LEN(D9)>0,,1) -> 0 | D9: PanSci 泛科學 | E9: pansci | F9: 1455058965 | G9: 1 | K9: https://www.instagram.com/pansci/ | O9: 知識教育 | P9: 1900400
A10: 9 | B10: 一隻阿圓 | C10: =IF(LEN(D10)>0,,1) -> 0 | D10: 一隻阿圓 | E10: nanaciaociao | F10: 313471712 | G10: 1 | H10: 3490 | I10: 56.1萬 | J10: 1038 | K10: https://www.instagram.com/nanaciaociao/ | O10: 美妝保養,時尚潮流,旅遊 | P10: 1734796
A11: 10 | B11: 欸你這週要幹嘛 | C11: =IF(LEN(D11)>0,,1) -> 0 | D11: 欸你這週要幹嘛 | E11: arielsvlog_816 | F11: 8320554996 | G11: 1 | K11: https://www.instagram.com/arielsvlog_816/ | O11: 趣味搞笑 | P11: 2339911
A12: 11 | B12: 77老大 | C12: =IF(LEN(D12)>0,,1) -> 0 | D12: 77老大 | E12: basil_77777 | F12: 1 | G12: https://www.instagram.com/basil_77777/ | O12: 醫療健康,知識教育 | P12: 2808129
A13: 12 | B13: 那個女生 Kiki | C13: =IF(LEN(D13)>0,,1) -> 1 | O13: 美食料理,知識教育 | P13: 1793484
A14: 13 | B14: 阿滴英文 | C14: =IF(LEN(D14)>0,,1) -> 1 | O14: 知識教育 | P14: 4987120
A15: 14 | B15: 好味小姐 | C15: =IF(LEN(D15)>0,,1) -> 0 | D15: 好味小姐與蛋捲,短褲,麻糊,米香,橘皮,本丸,圓仔,More | E15: ladyflavor | F15: 3417748590 | G15: 1 | K15: https://www.instagram.com/ladyflavor/ | O15: 美食料理,寵物 | P15: 1592539
A16: 14 | B16: 好味小姐 | C16: =IF(LEN(D16)>0,,1) -> 0 | D16: 好味小姐脆脆 | E16: ladyflavor_cui | F16: 3656815405 | G16: 1 | K16: https://www.instagram.com/ladyflavor_cui/
A17: 14 | B17: 好味小姐 | C17: =IF(LEN(D17)>0,,1) -> 0 | D17: 好味小姐腦波弱跟Podcast | E17: ladyflavor_nowpo | F17: 53675526308 | G17: 1 | K17: https://www.instagram.com/ladyflavor_nowpo/
A18: 15 | B18: 廉傑克曼 | C18: =IF(LEN(D18)>0,,1) -> 0 | D18: 張廉傑 RJ / 阿傑 | E18: jaychang0127 | F18: 328078093 | G18: g | H18: 1841 | I18: 41.3萬 | J18: 4009 | K18: https://www.instagram.com/jaychang0127/ | O18: 遊戲電玩 | P18: 1170390
A19: 16 | B19: 江老師 | C19: =IF(LEN(D19)>0,,1) -> 0 | D19: 我是江老師 | E19: teacherchiang | F19: 30136496472 | G19: g | H19: 1898 | I19: 30.6萬 | J19: 621 | K19: https://www.instagram.com/teacherchiang | O19: 表演藝術,時尚潮流,家庭母嬰 | P19: 1343583
A20: 17 | B20: 那些電影教我的事 | C20: =IF(LEN(D20)>0,,1) -> 0 | D20: 那些電影教我的事 | E20: lessonsfrommovies | F20: 485234984 | G20: 1 | K20: https://www.instagram.com/lessonsfrommovies/ | O20: 影視評論 | P20: 3862684
A21: 18 | B21: 豆漿--Soybean-Milk | C21: =IF(LEN(D21)>0,,1) -> 0 | D21: 豆漿-SoybeanMilk | E21: soybeanmilk_cat | F21: 5556187464 | G21: 1 | K21: https://www.instagram.com/soybeanmilk_cat/ | O21: 寵物 | P21: 1835218
A22: 19 | B22: Onion-man-洋蔥先生與阿文 | C22: =IF(LEN(D22)>0,,1) -> 0 | D22: 洋蔥先生與阿文 | E22: onionman__ | F22: 1981431196 | G22: g | H22: 1172 | I22: 45.7萬 | J22: 921 | K22: https://www.instagram.com/onionman__/ | O22: 表演藝術,趣味搞笑 | P22: 3133655
A23: 20 | B23: 人類超有病 Baxuan | C23: =IF(LEN(D23)>0,,1) -> 0 | D23: 霸軒BAXUAN | E23: baxuan_ig | F23: 1959578996 | G23: g | H23: 1061 | I23: 73.9萬 | J23: 2826 | K23: https://www.instagram.com/baxuan_ig/ | O23: 表演藝術,趣味搞笑 | P23: 2789691
A24: 21 | B24: 大蛇丸 | C24: =IF(LEN(D24)>0,,1) -> 0 | D24: 大蛇丸 | E24: jam_cutepig | F24: 2214964723 | G24: 1 | K24: https://www.instagram.com/jam_cutepig/ | O24: 趣味搞笑 | P24: 2040947
A25: 22 | B25: Andy老師 | C25: =IF(LEN(D25)>0,,1) -> 0 | D25: Andy老師 | E25: andy1994x | F25: 4017891221 | G25: 1 | K25: https://www.instagram.com/andy1994x/ | O25: 趣味搞笑,表演藝術 | P25: 4471750
A26: 23 | B26: 超認真少年-I'm-Serious | C26: =IF(LEN(D26)>0,,1) -> 0 | D26: 超認真少年 | E26: imseriou | F26: 8743462644 | G26: g | H26: 1517 | I26: 13.7萬 | J26: 744 | K26: https://www.instagram.com/imseriou/ | O26: 知識教育 | P26: 1219271
A27: 24 | B27: 三原慧悟-Sanyuan_JAPAN | C27: =IF(LEN(D27)>0,,1) -> 0 | D27: 三原 慧悟/サンエン/Mr.3 | E27: sanyuan_japan | F27: 2036845994 | G27: 1 | K27: https://www.instagram.com/sanyuan_japan/ | O27: 旅遊,趣味搞笑 | P27: 2199000
A28: 25 | B28: 貓貓蟲-咖波 | C28: =IF(LEN(D28)>0,,1) -> 0 | D28: Bugcat Capoo | E28: bugcat_capoo | F28: 2122019014 | G28: 1 | K28: https://www.instagram.com/bugcat_capoo/ | O28: 表演藝術 | P28: 6539880
A29: 26 | B29: Ian&Eric | C29: =IF(LEN(D29)>0,,1) -> 1 | O29: 旅遊,趣味搞笑 | P29: 2226005
A30: 27 | B30: 黃氏兄弟 | C30: =IF(LEN(D30)>0,,1) -> 0 | D30: 黃氏兄弟 | E30: huangbrotherss | F30: 6231869789 | G30: 1 | K30: https://www.instagram.com/huangbrotherss/ | O30: 趣味搞笑,表演藝術 | P30: 3051036
A31: 28 | B31: 我得了一種吃菜就會死的病-微疼 | C31: =IF(LEN(D31)>0,,1) -> 1 | O31: 表演藝術,趣味搞笑 | P31: 2509942
A32: 29 | B32: 琳妲-林羿禎 | C32: =IF(LEN(D32)>0,,1) -> 0 | D32: 琳妲-林羿禎💕 | E32: linda831212 | F32: 262292089 | G32: g | H32: 5210 | I32: 98.7萬 | J32: 2400 | K32: https://www.instagram.com/linda831212/ | O32: 表演藝術,趣味搞笑 | P32: 2688159
A33: 30 | B33: 白癡公主 | C33: =IF(LEN(D33)>0,,1) -> 0 | D33: 白癡公主 | E33: 87acup | F33: 323227199 | G33: 1 | K33: https://www.instagram.com/87acup/ | O33: 趣味搞笑 | P33: 3796221
A34: 31 | B34: KEOKI BLACK布萊克薛薛 | C34: =IF(LEN(D34)>0,,1) -> 0 | D34: 布萊克薛薛Drangadrang | E34: k3okii | F34: 192726292 | G34: 1 | K34: https://www.instagram.com/k3okii/ | O34: 旅遊,美食料理 | P34: 1200469
A35: 32 | B35: 厭世甜點店 | C35: =IF(LEN(D35)>0,,1) -> 1 | O35: 美食料理 | P35: 817219
A36: 33 | B36: 陳彥婷 | C36: =IF(LEN(D36)>0,,1) -> 0 | D36: 陳彥婷 Tiffany | E36: thetiffanychen | F36: 4053642540 | G36: 1 | K36: https://www.instagram.com/thetiffanychen/ | O36: 趣味搞笑 | P36: 1601595
A37: 34 | B37: 魚乾 | C37: =IF(LEN(D37)>0,,1) -> 0 | D37: 魚乾 | E37: annie72127 | F37: 310596431 | G37: 1 | K37: https://www.instagram.com/annie72127/ | O37: 寵物,遊戲電玩,趣味搞笑 | P37: 2023760
A38: 35 | B38: 志祺七七 | C38: =IF(LEN(D38)>0,,1) -> 0 | D38: 志祺 | E38: shasha77.daily | F38: 7011513421 | G38: 1 | K38: https://www.instagram.com/shasha77.daily/ | O38: 知識教育,時事討論,高階經理人 | P38: 1935680
A39: 36 | B39: HOOK | C39: =IF(LEN(D39)>0,,1) -> 0 | D39: HOOK | E39: helloiamhook | F39: 6666970922 | G39: 1 | K39: https://www.instagram.com/helloiamhook/ | O39: 寵物,旅遊,美食料理 | P39: 2877515
A40: 37 | B40: 木曜4超玩 | C40: =IF(LEN(D40)>0,,1) -> 0 | D40: 木曜4超玩 | E40: muyao4 | F40: 5422332449 | G40: 1 | K40: https://www.instagram.com/muyao4/ | O40: 旅遊 | P40: 3229080
A41: 38 | B41: 丹妮婊姐 | C41: =IF(LEN(D41)>0,,1) -> 0 | D41: 丹妮婊姐星球 | E41: dannybeeech | F41: 1387337609 | G41: 1 | H41: 1231 | I41: 25.7萬 | J41: 2 | K41: https://www.instagram.com/dannybeeech/ | O41: 美妝保養,時尚潮流,趣味搞笑 | P41: 1174230
A42: 39 | B42: 泱泱LYNN | C42: =IF(LEN(D42)>0,,1) -> 0 | D42: 泱泱LYNN | E42: lynnwu0219_2 | F42: 47642521277 | G42: 1 | K42: https://www.instagram.com/lynnwu0219_2/ | O42: 帶貨分潤 | P42: 1965591
A43: 40 | B43: HahaTai-哈哈台 | C43: =IF(LEN(D43)>0,,1) -> 0 | D43: HahaTai 哈哈台 | E43: hahatai_official | F43: 2373420238 | G43: g | K43: https://www.instagram.com/hahatai_official/ | O43: 趣味搞笑 | P43: 2018440
A44: 41 | B44: 丁特 Dinter | C44: =IF(LEN(D44)>0,,1) -> 1 | O44: 遊戲電玩 | P44: 1600408
A45: 42 | B45: 彼得爸與蘇珊媽 | C45: =IF(LEN(D45)>0,,1) -> 0 | D45: 彼得爸與蘇珊媽 | E45: peter_and_susan | F45: 22917989 | G45: g | H45: 3128 | I45: 11.5萬 | J45: 1251 | K45: https://www.instagram.com/peter_and_susan/ | O45: 旅遊,家庭母嬰,帶貨分潤 | P45: 741306
A46: 43 | B46: 阿翰po影片 | C46: =IF(LEN(D46)>0,,1) -> 1 | O46: 趣味搞笑 | P46: 2812701
A47: 44 | B47: 愛里 | C47: =IF(LEN(D47)>0,,1) -> 0 | D47: 愛里 | E47: allie.liao | F47: 1962736611 | G47: g | H47: 173 | I47: 61.3萬 | J47: 1321 | K47: https://www.instagram.com/allie.liao/ | O47: 知識教育,趣味搞笑 | P47: 1135265
A48: 45 | B48: 這群人 尼克 | C48: =IF(LEN(D48)>0,,1) -> 1 | O48: 趣味搞笑,表演藝術 | P48: 1466257
A49: 46 | B49: 蔡桃貴 | C49: =IF(LEN(D49)>0,,1) -> 0 | D49: 蔡桃貴 | E49: tsaigray2018 | F49: 8047388429 | G49: 1 | K49: https://www.instagram.com/tsaigray2018/ | O49: 家庭母嬰,趣味搞笑 | P49: 2629703
A50: 47 | B50: Ru's-Piano-Ru味春捲 | C50: =IF(LEN(D50)>0,,1) -> 0 | D50: Ru味春捲Ru's Piano | E50: ruruspiano | F50: 589042879 | G50: g | H50: 1332 | I50: 22.2萬 | J50: 693 | K50: https://www.instagram.com/ruruspiano/ | O50: 表演藝術 | P50: 3023789
A51: 48 | B51: 阿啾繪圖同萌 | C51: =IF(LEN(D51)>0,,1) -> 0 | D51: 阿啾小劇場 | E51: achusan0817 | F51: 2214961036 | G51: 1 | K51: https://www.instagram.com/achusan0817/ | O51: 表演藝術,趣味搞笑 | P51: 2064380
A52: 48 | B52: 阿啾繪圖同萌 | C52: =IF(LEN(D52)>0,,1) -> 0 | D52: 劉啾慶 | E52: achu08177 | F52: 6183789581 | G52: 1 | K52: https://www.instagram.com/achu08177/
A53: 49 | B53: 黃大謙 | C53: =IF(LEN(D53)>0,,1) -> 1 | O53: 趣味搞笑 | P53: 2073696
A54: 50 | B54: 愛莉莎莎-Alisasa | C54: =IF(LEN(D54)>0,,1) -> 0 | D54: 愛莉莎莎Alisasa 🐨 | E54: goodalicia | F54: 328949039 | G54: g | H54: 1636 | I54: 61.3萬 | J54: 1266 | K54: https://www.instagram.com/goodalicia/ | O54: 美妝保養,時尚潮流 | P54: 2282925
A55: 51 | B55: 見習網美小吳 | C55: =IF(LEN(D55)>0,,1) -> 0 | D55: 見習網美小吳 | E55: beauty___wu | F55: 264560267 | G55: g | H55: 1728 | I55: 75.9萬 | J55: 769 | K55: https://www.instagram.com/beauty___wu/ | O55: 美妝保養,趣味搞笑 | P55: 2457900
A56: 52 | B56: Charlene Liu 查理 | C56: =IF(LEN(D56)>0,,1) -> 1 | O56: 美妝保養,時尚潮流,旅遊 | P56: 1182828
A57: 53 | B57: PEETA葛格 | C57: =IF(LEN(D57)>0,,1) -> 0 | D57: PEETA葛格 | E57: peeta.gege | F57: 255612709 | K57: https://www.instagram.com/peeta.gege/ | O57: 運動健身 | P57: 1234263
A58: 54 | B58: 波蘭女孩x台灣男孩 在家環遊世界 | C58: =IF(LEN(D58)>0,,1) -> 1 | O58: 旅遊,美食料理 | P58: 855382
A59: 55 | B59: 連環泡有芒果 | C59: =IF(LEN(D59)>0,,1) -> 1 | O59: 美食料理,寵物,趣味搞笑 | P59: 1376204
A60: 56 | B60: Emma艾瑪 | C60: =IF(LEN(D60)>0,,1) -> 0 | D60: Emma 艾瑪 | E60: xollox121 | F60: 255423608 | G60: g | K60: https://www.instagram.com/xollox121/ | O60: 運動健身 | P60: 2021109
A61: 57 | B61: Aries艾瑞絲 | C61: =IF(LEN(D61)>0,,1) -> 0 | D61: Aries艾瑞絲 | E61: aries_8248 | F61: 453456033 | G61: g | H61: 2021 | I61: 77.4萬 | J61: 938 | K61: https://www.instagram.com/aries_8248/ | O61: 美食料理,表演藝術,趣味搞笑 | P61: 4793236
A62: 58 | B62: 蘿潔塔的廚房 | C62: =IF(LEN(D62)>0,,1) -> 0 | D62: 蘿潔塔的廚房 | E62: rosalina.kitchen | F62: 2319795781 | G62: 1 | K62: https://www.instagram.com/rosalina.kitchen/ | O62: 美食料理,帶貨分潤 | P62: 3126002
A63: 59 | B63: 瑀熙 Yuci | C63: =IF(LEN(D63)>0,,1) -> 1 | O63: 旅遊,遊戲電玩 | P63: 3371994
A64: 60 | B64: 這群人TGOP | C64: =IF(LEN(D64)>0,,1) -> 0 | D64: 這群人 TGOP | E64: thisgroupofpeople | F64: 3179636262 | G64: 1 | H64: 2365 | I64: 63.4萬 | J64: 15 | K64: https://www.instagram.com/thisgroupofpeople/ | O64: 趣味搞笑 | P64: 6437127
A65: 61 | B65: 3cTim哥生活的日常 | C65: =IF(LEN(D65)>0,,1) -> 1 | O65: 3C科技 | P65: 1525334
A66: 62 | B66: 百變沛莉 Peri | C66: =IF(LEN(D66)>0,,1) -> 1 | O66: 美妝保養,時尚潮流,家庭母嬰 | P66: 1166453
A67: 63 | B67: 鹿人 | C67: =IF(LEN(D67)>0,,1) -> 0 | D67: 鹿人 | E67: twodeerman | F67: 1422088439 | G67: 1 | H67: 920 | I67: 41萬 | J67: 207 | K67: https://www.instagram.com/twodeerman/ | O67: 表演藝術,趣味搞笑 | P67: 2154070
A68: 64 | B68: 關韶文 | C68: =IF(LEN(D68)>0,,1) -> 0 | D68: 關韶文 關關✨ | E68: ethan_kuan_kuan | F68: 270217123 | G68: 1 | H68: 1904 | I68: 36.7萬 | J68: 500 | K68: https://www.instagram.com/ethan_kuan_kuan/ | O68: 美妝保養,趣味搞笑,表演藝術 | P68: 1108765
A69: 65 | B69: 健人蓋伊 | C69: =IF(LEN(D69)>0,,1) -> 0 | D69: 健人蓋伊 | E69: gu_yuze | F69: 2945747715 | G69: g | K69: https://www.instagram.com/gu_yuze/ | O69: 運動健身 | P69: 1495840
A70: 66 | B70: GINA HELLO! | C70: =IF(LEN(D70)>0,,1) -> 1 | O70: 美妝保養,時尚潮流,旅遊 | P70: 1866192
A71: 67 | B71: 我是老爸-我不要當爸! | C71: =IF(LEN(D71)>0,,1) -> 0 | D71: 我是老爸，我不要當爸 | E71: daddy.iam | F71: 3638274950 | G71: g | H71: 546 | I71: 10.2萬 | J71: 300 | K71: https://www.instagram.com/daddy.iam/ | O71: 旅遊,美食料理 | P71: 1212417
A72: 68 | B72: 蛋事超有事EggThings | C72: =IF(LEN(D72)>0,,1) -> 1 | O72: 表演藝術 | P72: 1842817
A73: 69 | B73: 雨揚樂活家族 | C73: =IF(LEN(D73)>0,,1) -> 1 | O73: 綜合其他 | P73: 1345502
A74: 70 | B74: 肉比頭Zoebitalk | C74: =IF(LEN(D74)>0,,1) -> 1 | O74: 旅遊,知識教育 | P74: 1030757
A75: 71 | B75: 現在宅知道 | C75: =IF(LEN(D75)>0,,1) -> 1 | O75: 遊戲電玩 | P75: 528036
A76: 72 | B76: 人生肥宅x尊 | C76: =IF(LEN(D76)>0,,1) -> 1 | O76: 趣味搞笑,遊戲電玩 | P76: 2599791
A77: 73 | B77: 啾啾妹 by LIIN | C77: =IF(LEN(D77)>0,,1) -> 1 | O77: 趣味搞笑,設計創作 | P77: 2012172
A78: 74 | B78: 閃電狼Flash Wolves | C78: =IF(LEN(D78)>0,,1) -> 0 | D78: FlashWolves 閃電狼 | E78: flashwolves2013 | F78: 3882104752 | G78: 1 | K78: https://www.instagram.com/flashwolves2013/ | O78: 遊戲電玩 | P78: 509072
A79: 75 | B79: 融融歷險記 Ben’s Adventure | C79: =IF(LEN(D79)>0,,1) -> 1 | O79: 旅遊 | P79: 894363
A80: 76 | B80: 星期天 | C80: =IF(LEN(D80)>0,,1) -> 0 | D80: 星期天 Sunday | E80: sundayright_dub | F80: 1795150072 | G80: g | H80: 1955 | I80: 18萬 | J80: 1570 | K80: https://www.instagram.com/sundayright_dub/ | O80: 綜合其他 | P80: 1273443
A81: 77 | B81: Yun-Chou | C81: =IF(LEN(D81)>0,,1) -> 0 | D81: Yun Chou | E81: riceandshine.co | F81: 851583 | G81: g | H81: 2951 | I81: 83.1萬 | J81: 991 | K81: https://www.instagram.com/riceandshine.co/ | O81: 家庭母嬰 | P81: 1593142
A82: 78 | B82: MaoMaoTV | C82: =IF(LEN(D82)>0,,1) -> 1 | O82: 旅遊 | P82: 1354850
A83: 79 | B83: Evelyn Chen 理科太太 | C83: =IF(LEN(D83)>0,,1) -> 1 | O83: 醫療健康,時事討論 | P83: 2387970
A84: 80 | B84: 小A辣 | C84: =IF(LEN(D84)>0,,1) -> 0 | D84: 小A辣🌶️ | E84: ala780705 | F84: 5703523434 | G84: g | H84: 1756 | I84: 35.3萬 | J84: 1481 | K84: https://www.instagram.com/ala780705/ | O84: 趣味搞笑 | P84: 2843019
A85: 81 | B85: 兔女狼 | C85: =IF(LEN(D85)>0,,1) -> 1 | O85: 旅遊 | P85: 485115
A86: 82 | B86: 有璟妍精요찡옌찡 | C86: =IF(LEN(D86)>0,,1) -> 1 | O86: 旅遊,美食料理 | P86: 671079
A87: 83 | B87: 滴妹 | C87: =IF(LEN(D87)>0,,1) -> 1 | O87: 旅遊,美食料理,知識教育 | P87: 2423665
A88: 84 | B88: 莫彩曦Hailey | C88: =IF(LEN(D88)>0,,1) -> 1 | O88: 綜合其他 | P88: 2231047
A89: 85 | B89: 星光奈奈 | C89: =IF(LEN(D89)>0,,1) -> 1 | O89: 旅遊,表演藝術 | P89: 979182
A90: 86 | B90: Gary蓋瑞 | C90: =IF(LEN(D90)>0,,1) -> 1 | O90: 遊戲電玩 | P90: 872819
A91: 87 | B91: Jason-Chen-陳以桐 | C91: =IF(LEN(D91)>0,,1) -> 0 | D91: Jason Chen 陳以桐 | E91: jasondchen | F91: 32527641 | G91: 1 | K91: https://www.instagram.com/jasondchen/ | O91: 表演藝術 | P91: 5827634
A92: 88 | B92: 台灣妞韓國媳 | C92: =IF(LEN(D92)>0,,1) -> 1 | O92: 美妝保養,旅遊,帶貨分潤 | P92: 1211490
A93: 89 | B93: cheap 鄭才暐 | C93: =IF(LEN(D93)>0,,1) -> 1 | O93: 遊戲電玩,時事討論 | P93: 1819617
A94: 90 | B94: 王宏哲教養、育兒寶典 | C94: =IF(LEN(D94)>0,,1) -> 1 | O94: 家庭母嬰,知識教育,高階經理人 | P94: 1982132
A95: 91 | B95: 小葵-XiaoKui | C95: =IF(LEN(D95)>0,,1) -> 0 | D95: 小葵 XiaoKui | E95: miao11255 | F95: 1673522323 | G95: g | H95: 1359 | I95: 17.7萬 | J95: 765 | K95: https://www.instagram.com/miao11255/ | O95: 遊戲電玩 | P95: 734186
A96: 92 | B96: High咖-邱志恒 | C96: =IF(LEN(D96)>0,,1) -> 1 | O96: 趣味搞笑 | P96: 814167
A97: 93 | B97: Lobo 蘿蔔 | C97: =IF(LEN(D97)>0,,1) -> 1 | O97: 遊戲電玩 | P97: 639131
A98: 94 | B98: 黃小米 Mii | C98: =IF(LEN(D98)>0,,1) -> 1 | O98: 美妝保養,時尚潮流,旅遊 | P98: 1004034
A99: 95 | B99: 鼻妹的廢話亂畫 | C99: =IF(LEN(D99)>0,,1) -> 1 | O99: 表演藝術,趣味搞笑 | P99: 829503
A100: 96 | B100: Sandy 珊迪 | C100: =IF(LEN(D100)>0,,1) -> 0 | D100: Sandykaka 珊迪 | E100: sandykaka_ | F100: 2620202 | G100: 1 | H100: 3268 | I100: 29萬 | J100: 477 | K100: https://www.instagram.com/sandykaka_/ | O100: 美食料理,寵物,遊戲電玩 | P100: 908108
...

Sheet Merged
A1: Aisa_Order | B1: Temperature_order | C1: both | D1: person_name | E1: ig_name | F1: ig_id | G1: ig_strong_id | H1: done | I1: posts | J1: Followers | K1: Following | L1: ig_url | M1: ig_private | N1: ig_notSure_notFound | O1: ig_repeat | P1: temperature_link
A2: 1 | B2: 2 | C2: Y | D2: 蔡阿嘎 蔡緯嘉 | E2: 蔡阿嘎 | F2: yga0721 | G2: 45717781 | H2: 1 | L2: https://www.instagram.com/yga0721/ | P2: https://dailyview.tw/top100/item/1246?theme=36&range=30
A3: 2 | D3: PanSci 泛科學 | E3: PanSci 泛科學 | F3: pansci | G3: 1455058965 | H3: 1 | L3: https://www.instagram.com/pansci/
A4: 3 | D4: 黃阿瑪的後宮生活 | E4: 黃阿瑪的後宮生活 | F4: fumeancat | G4: 1399123752 | H4: 1 | I4: 4527 | J4: 105萬 | K4: 159 | L4: https://www.instagram.com/fumeancat/
A5: 4 | D5: 小象愛出門 | E5: 小象愛出門 | F5: elephant_gogo | G5: 484667815 | H5: g | L5: https://www.instagram.com/elephant_gogo/
A6: 5 | B6: 123 | C6: Y | D6: 品筠&京燁（那對夫妻） | E6: 那對夫妻Nico&Kim | F6: 1006nk | G6: 1701651749 | H6: 1 | L6: https://www.instagram.com/1006nk/ | P6: https://dailyview.tw/top100/item/1259?theme=36&range=30
A7: 6 | B7: 62 | C7: Y | D7: 蛇丸 | E7: 大蛇丸 | F7: jam_cutepig | G7: 2214964723 | H7: 1 | L7: https://www.instagram.com/jam_cutepig/ | P7: https://dailyview.tw/top100/item/13874?theme=36&range=30
A8: 7 | B8: 161 | C8: Y | D8: 艾瑞絲 Aries | E8: Aries艾瑞絲 | F8: aries_8248 | G8: 453456033 | H8: g | I8: 2021 | J8: 77.4萬 | K8: 938 | L8: https://www.instagram.com/aries_8248/ | P8: https://dailyview.tw/top100/item/2778?theme=36&range=30
A9: 8 | D9: 陳彥婷 | E9: 陳彥婷 Tiffany | F9: thetiffanychen | G9: 4053642540 | H9: 1 | L9: https://www.instagram.com/thetiffanychen/
A10: 9 | D10: Joeman | E10: Joeman 九妹 | F10: joemanweng | G10: 360484090 | H10: g | L10: https://www.instagram.com/joemanweng/
A11: 10 | B11: 77 | C11: Y | D11: 一隻阿圓 | E11: 一隻阿圓 | F11: nanaciaociao | G11: 313471712 | H11: 1 | I11: 3490 | J11: 56.1萬 | K11: 1038 | L11: https://www.instagram.com/nanaciaociao/ | P11: https://dailyview.tw/top100/item/13075?theme=36&range=30
A12: 11 | D12: 豆漿- Soybean Milk | E12: 豆漿-SoybeanMilk | F12: soybeanmilk_cat | G12: 5556187464 | H12: 1 | L12: https://www.instagram.com/soybeanmilk_cat/
A13: 12 | B13: 7 | C13: Y | D13: 亞拉（貓貓蟲咖波） | E13: Bugcat Capoo | F13: bugcat_capoo | G13: 2122019014 | H13: 1 | L13: https://www.instagram.com/bugcat_capoo/ | P13: https://dailyview.tw/top100/item/3047?theme=36&range=30
A14: 13 | B14: 56 | C14: Y | D14: 霸軒與小美 Baxuan & Mei | E14: 霸軒BAXUAN | F14: baxuan_ig | G14: 1959578996 | H14: g | I14: 1061 | J14: 73.9萬 | K14: 2826 | L14: https://www.instagram.com/baxuan_ig/ | P14: https://dailyview.tw/top100/item/23575?theme=36&range=30
A15: 14 | D15: 蕾菈 Lyla | E15: 蕾菈 Lyla | F15: la.112814 | G15: 534488377 | H15: g | L15: https://www.instagram.com/la.112814/
A16: 15 | B16: 54 | C16: Y | D16: 好味小姐 Lady Flavor | E16: 好味小姐與蛋捲,短褲,麻糊,米香,橘皮,本丸,圓仔,More | F16: ladyflavor | G16: 3417748590 | H16: 1 | L16: https://www.instagram.com/ladyflavor/ | P16: https://dailyview.tw/top100/item/12056?theme=36&range=30
A17: 15 | B17: 54 | C17: Y | D17: 好味小姐 Lady Flavor | E17: 好味小姐脆脆 | F17: ladyflavor_cui | G17: 3656815405 | H17: 1 | L17: https://www.instagram.com/ladyflavor_cui/ | P17: https://dailyview.tw/top100/item/12056?theme=36&range=30
A18: 15 | B18: 54 | C18: Y | D18: 好味小姐 Lady Flavor | E18: 好味小姐腦波弱跟Podcast | F18: ladyflavor_nowpo | G18: 53675526308 | H18: 1 | L18: https://www.instagram.com/ladyflavor_nowpo/ | P18: https://dailyview.tw/top100/item/12056?theme=36&range=30
A19: 16 | D19: 小A辣 | E19: 小A辣🌶️ | F19: ala780705 | G19: 5703523434 | H19: g | I19: 1756 | J19: 35.3萬 | K19: 1481 | L19: https://www.instagram.com/ala780705/
A20: 17 | B20: 199 | C20: Y | D20: 泱泱 吳泱潾 LYNN | E20: 泱泱LYNN | F20: lynnwu0219_2 | G20: 47642521277 | H20: 1 | L20: https://www.instagram.com/lynnwu0219_2/ | P20: https://dailyview.tw/top100/item/9605?theme=36&range=30
A21: 18 | B21: 63 | C21: Y | D21: 千千 Chien-Chien | E21: 千千 | F21: khshu_ | G21: 254432523 | H21: g | I21: 989 | J21: 88.8萬 | K21: 962 | L21: https://www.instagram.com/khshu_/ | P21: https://dailyview.tw/top100/item/3673?theme=36&range=30
A22: 19 | D22: Sandy 珊迪 | E22: Sandykaka 珊迪 | F22: sandykaka_ | G22: 2620202 | H22: 1 | I22: 3268 | J22: 29萬 | K22: 477 | L22: https://www.instagram.com/sandykaka_/
A23: 20 | B23: 1 | C23: Y | D23: 館長 陳之漢 | E23: 陳之漢 | F23: power3067830678 | G23: 3791242285 | H23: 1 | L23: https://www.instagram.com/power3067830678/ | P23: https://dailyview.tw/top100/item/1247?theme=36&range=30
A24: 21 | D24: Yun Chou | E24: Yun Chou | F24: riceandshine.co | G24: 851583 | H24: g | I24: 2951 | J24: 83.1萬 | K24: 991 | L24: https://www.instagram.com/riceandshine.co/
A25: 22 | B25: 36 | C25: Y | D25: 琳妲 林羿禎 | E25: 琳妲-林羿禎💕 | F25: linda831212 | G25: 262292089 | H25: g | I25: 5210 | J25: 98.7萬 | K25: 2400 | L25: https://www.instagram.com/linda831212/ | P25: https://dailyview.tw/top100/item/22984?theme=36&range=30
A26: 23 | B26: 81 | C26: Y | D26: HowHow 陳孜昊 | E26: HowHow | F26: howhowhasfriends | G26: 6505088311 | H26: 1 | L26: https://www.instagram.com/howhowhasfriends | P26: https://dailyview.tw/top100/item/1298?theme=36&range=30
A27: 24 | D27: 魔術Channel - Davio | E27: 🎩Davio🎩 | F27: davio_magic | G27: 3025123501 | H27: g | I27: 2068 | J27: 35.3萬 | K27: 674 | L27: https://www.instagram.com/davio_magic/
A28: 25 | B28: 104 | C28: Y | D28: HOOK | E28: HOOK | F28: helloiamhook | G28: 6666970922 | H28: 1 | L28: https://www.instagram.com/helloiamhook/ | P28: https://dailyview.tw/top100/item/14192?theme=36&range=30
A29: 26 | B29: 187 | C29: Y | D29: Ian與Eric（The DoDo Men - 嘟嘟人） | E29: The DoDo Men - 嘟嘟人 | F29: thedodomen | G29: 22597217534 | H29: 1 | L29: https://www.instagram.com/thedodomen/ | P29: https://dailyview.tw/top100/item/23345?theme=36&range=30
A30: 27 | B30: 3 | C30: Y | D30: 嘎嫂二伯&蔡波能 | E30: 嘎嫂二伯 | F30: 2uncle987 | G30: 2113732341 | H30: g | I30: 4181 | J30: 77.2萬 | K30: 700 | L30: https://www.instagram.com/2uncle987/ | P30: https://dailyview.tw/top100/item/19379?theme=36&range=30
A31: 28 | D31: Peter Su | E31: Peter Su | F31: peter825 | G31: 2059966 | H31: g | I31: 3584 | J31: 66.7萬 | K31: 931 | L31: https://www.instagram.com/peter825/
A32: 29 | D32: Sandy & Mandy | E32: Sandy&Mandy | F32: sandymandy_official | G32: 5694299090 | H32: 1 | I32: 579 | J32: 51.8萬 | K32: 262 | L32: https://www.instagram.com/sandymandy_official/
A33: 30 | B33: 83 | C33: Y | D33: 愛莉莎莎 Alisasa | E33: 愛莉莎莎Alisasa 🐨 | F33: goodalicia | G33: 328949039 | H33: g | I33: 1636 | J33: 61.3萬 | K33: 1266 | L33: https://www.instagram.com/goodalicia/ | P33: https://dailyview.tw/top100/item/11956?theme=36&range=30
A34: 31 | B34: 177 | C34: Y | D34: 彼得爸與蘇珊媽 | E34: 彼得爸與蘇珊媽 | F34: peter_and_susan | G34: 22917989 | H34: g | I34: 3128 | J34: 11.5萬 | K34: 1251 | L34: https://www.instagram.com/peter_and_susan/ | P34: https://dailyview.tw/top100/item/19358?theme=36&range=30
A35: 32 | D35: 江老師 | E35: 我是江老師 | F35: teacherchiang | G35: 30136496472 | H35: g | I35: 1898 | J35: 30.6萬 | K35: 621 | L35: https://www.instagram.com/teacherchiang
A36: 33 | D36: 元元 | E36: 元 元 | F36: 1105ya | G36: 506333587 | H36: 1 | I36: 1521 | J36: 110.4萬 | K36: 558 | L36: https://www.instagram.com/1105ya/
A37: 34 | B37: 88 | C37: Y | D37: 林進 | E37: 林進Lingin 林東進飛醺卑鄙Fashionbaby | F37: lingin1209 | G37: 371630480 | H37: g | I37: 8174 | J37: 71.9萬 | K37: 2246 | L37: https://www.instagram.com/lingin1209/ | P37: https://dailyview.tw/top100/item/1250?theme=36&range=30
A38: 35 | D38: 我是老爸,我不要當爸! | E38: 我是老爸，我不要當爸 | F38: daddy.iam | G38: 3638274950 | H38: g | I38: 546 | J38: 10.2萬 | K38: 300 | L38: https://www.instagram.com/daddy.iam/
A39: 36 | D39: 小葵 XiaoKui | E39: 小葵 XiaoKui | F39: miao11255 | G39: 1673522323 | H39: g | I39: 1359 | J39: 17.7萬 | K39: 765 | L39: https://www.instagram.com/miao11255/
A40: 37 | D40: 星期天 | E40: 星期天 Sunday | F40: sundayright_dub | G40: 1795150072 | H40: g | I40: 1955 | J40: 18萬 | K40: 1570 | L40: https://www.instagram.com/sundayright_dub/
A41: 38 | B41: 4 | C41: Y | D41: 蔡桃貴 | E41: 蔡桃貴 | F41: tsaigray2018 | G41: 8047388429 | H41: 1 | L41: https://www.instagram.com/tsaigray2018/ | P41: https://dailyview.tw/top100/item/14457?theme=36&range=30
A42: 39 | D42: 鹿人 | E42: 鹿人 | F42: twodeerman | G42: 1422088439 | H42: 1 | I42: 920 | J42: 41萬 | K42: 207 | L42: https://www.instagram.com/twodeerman/
A43: 40 | B43: 186 | C43: Y | D43: 丹妮婊姐 | E43: 丹妮婊姐星球 | F43: dannybeeech | G43: 1387337609 | H43: 1 | I43: 1231 | J43: 25.7萬 | K43: 2 | L43: https://www.instagram.com/dannybeeech/ | P43: https://dailyview.tw/top100/item/1266?theme=36&range=30
A44: 41 | D44: 麻糬爸 | E44: 麻糬爸與白爛貓家族 | F44: mochi_dad | G44: 588016383 | H44: 1 | I44: 2543 | J44: 39萬 | K44: 116 | L44: https://www.instagram.com/mochi_dad/
A45: 42 | D45: 這群人TGOP | E45: 這群人 TGOP | F45: thisgroupofpeople | G45: 3179636262 | H45: 1 | I45: 2365 | J45: 63.4萬 | K45: 15 | L45: https://www.instagram.com/thisgroupofpeople/
A46: 43 | B46: 30 | C46: Y | D46: 黃氏兄弟 | E46: 黃氏兄弟 | F46: huangbrotherss | G46: 6231869789 | H46: 1 | L46: https://www.instagram.com/huangbrotherss/ | P46: https://dailyview.tw/top100/item/10692?theme=36&range=30
A47: 44 | B47: 91 | C47: Y | D47: 布萊克薛薛 | E47: 布萊克薛薛Drangadrang | F47: k3okii | G47: 192726292 | H47: 1 | L47: https://www.instagram.com/k3okii/ | P47: https://dailyview.tw/top100/item/2841?theme=36&range=30
A48: 45 | D48: 廉傑克曼 | E48: 張廉傑 RJ / 阿傑 | F48: jaychang0127 | G48: 328078093 | I48: 1841 | J48: 41.3萬 | K48: 4009 | L48: https://www.instagram.com/jaychang0127/
A49: 46 | D49: 關韶文 | E49: 關韶文 關關✨ | F49: ethan_kuan_kuan | G49: 270217123 | L49: https://www.instagram.com/ethan_kuan_kuan/
A50: 47 | B50: 21 | C50: Y | D50: Andy老師 王崇睿 | E50: Andy老師 | F50: andy1994x | G50: 4017891221 | H50: 1 | L50: https://www.instagram.com/andy1994x/ | P50: https://dailyview.tw/top100/item/26853?theme=36&range=30
A51: 48 | D51: 愛里 | E51: 愛里 | F51: allie.liao | G51: 1962736611 | L51: https://www.instagram.com/allie.liao/
A52: 49 | D52: 台灣吧 | E52: 臺灣吧 Taiwan Bar | F52: taiwan_bar | G52: 10724137476 | L52: https://www.instagram.com/taiwan_bar/
A53: 50 | D53: 那些電影教我的事 | E53: 那些電影教我的事 | F53: lessonsfrommovies | G53: 485234984 | L53: https://www.instagram.com/lessonsfrommovies/
A54: 51 | D54: PopDaily | E54: PopDaily 波波黛莉的異想世界 | F54: popdaily | G54: 1612217393 | L54: https://www.instagram.com/popdaily/
A55: 52 | D55: 三原慧悟 Sanyuan_JAPAN | E55: 三原 慧悟/サンエン/Mr.3 | F55: sanyuan_japan | G55: 2036845994 | L55: https://www.instagram.com/sanyuan_japan/
A56: 53 | D56: Jason Chen 陳以桐 | E56: Jason Chen 陳以桐 | F56: jasondchen | G56: 32527641 | L56: https://www.instagram.com/jasondchen/
A57: 54 | B57: 48 | C57: Y | D57: 洋蔥（Onion Man） | E57: 洋蔥先生與阿文 | F57: onionman__ | G57: 1981431196 | H57: g | I57: 1172 | J57: 45.7萬 | K57: 921 | L57: https://www.instagram.com/onionman__/ | P57: https://dailyview.tw/top100/item/3117?theme=36&range=30
A58: 55 | B58: 122 | C58: Y | D58: 阿啾 | E58: 阿啾小劇場 | F58: achusan0817 | G58: 2214961036 | H58: 1 | L58: https://www.instagram.com/achusan0817/ | P58: https://dailyview.tw/top100/item/3127?theme=36&range=30
A59: 55 | B59: 122 | C59: Y | D59: 阿啾 | E59: 劉啾慶 | F59: achu08177 | G59: 6183789581 | H59: 1 | L59: https://www.instagram.com/achu08177/ | P59: https://dailyview.tw/top100/item/3127?theme=36&range=30
A60: 56 | D60: 閃電狼Flash Wolves | E60: FlashWolves 閃電狼 | F60: flashwolves2013 | G60: 3882104752 | L60: https://www.instagram.com/flashwolves2013/
A61: 57 | B61: 71 | C61: Y | D61: 白癡公主 | E61: 白癡公主 | F61: 87acup | G61: 323227199 | H61: 1 | L61: https://www.instagram.com/87acup/ | P61: https://dailyview.tw/top100/item/2804?theme=36&range=30
A62: 58 | D62: 健人蓋仇 | E62: 健人蓋伊 | F62: gu_yuze | G62: 2945747715 | L62: https://www.instagram.com/gu_yuze/
A63: 59 | D63: Patrick 派翠克 | E63: ⭐️Patrick 派翠克⭐️ | F63: patrickliu0721 | G63: 564962343 | L63: https://www.instagram.com/patrickliu0721/
A64: 60 | D64: 莊酷炫 | E64: 莊酷炫 | F64: kevin0204660 | G64: 1247496433 | L64: https://www.instagram.com/kevin0204660/
A65: 61 | B65: 72 | C65: Y | D65: 6tan | E65: Six Wang | F65: 6tan | G65: 144080454 | H65: 1 | L65: https://www.instagram.com/6tan/ | P65: https://dailyview.tw/top100/item/2819?theme=36&range=30
A66: 62 | D66: 蘿潔塔的廚房 | E66: 蘿潔塔的廚房 | F66: rosalina.kitchen | G66: 2319795781 | L66: https://www.instagram.com/rosalina.kitchen/
A67: 63 | D67: 孫生 | E67: 孫泩 | F67: soon6669 | G67: 6023506533 | L67: https://www.instagram.com/soon6669/
A68: 64 | B68: 80 | C68: Y | D68: 許廷瑞（超認真少年Imserious） | E68: 超認真少年 | F68: imseriou | G68: 8743462644 | H68: g | I68: 1517 | J68: 13.7萬 | K68: 744 | L68: https://www.instagram.com/imseriou/ | P68: https://dailyview.tw/top100/item/18065?theme=36&range=30
A69: 65 | D69: 辣媽Shania | E69: 辣媽Shania | F69: lamashania | G69: 331734673 | L69: https://www.instagram.com/lamashania/
A70: 66 | D70: Lilyflute長笛姐姐 | E70: 長笛姐姐🪄Lily Flute | F70: lilyflute | G70: 2926479106 | L70: https://www.instagram.com/lilyflute/
A71: 67 | D71: Bonjour Louis! 我是路易 | E71: Bonjour Louis! 我是路易 | F71: bonjour.louis | G71: 333041115 | L71: https://www.instagram.com/bonjour.louis/
A72: 68 | D72: 李恩菲x菲菲 | E72: LUVSSI ⋆李恩菲x菲菲Aviva🪽 | F72: aviva_1028 | G72: 396335627 | L72: https://www.instagram.com/aviva_1028/
A73: 69 | D73: 羚小鹿 | E73: YING 林岱縈 | F73: daiying0 | G73: 594657 | L73: https://www.instagram.com/daiying0/
A74: 70 | D74: 虎麗笑嗨嗨 | E74: 虎麗笑嗨嗨 高雄美食 | F74: hooleefun | G74: 987577757 | L74: https://www.instagram.com/hooleefun/
A75: 71 | D75: 林淑芬2.0 | E75: C D H｜林淑芬 | F75: 0_shufen | G75: 2616472977 | L75: https://www.instagram.com/0_shufen/
A76: 72 | D76: 紫玥桃 | E76: 紫玥桃 Cosplay | F76: skauramomo | G76: 515352630 | L76: https://www.instagram.com/skauramomo/
A77: 73 | D77: 黃山料 | E77: 黃山料 | F77: iam_3636 | G77: 1269919808 | L77: https://www.instagram.com/iam_3636/
A78: 74 | D78: 木曜4超玩 | E78: 木曜4超玩 | F78: muyao4 | G78: 5422332449 | L78: https://www.instagram.com/muyao4/
A79: 75 | D79: 妮妮 Nini | E79: Nini 妮妮 | F79: nini_food0822 | G79: 563340443 | L79: https://www.instagram.com/nini_food0822/
A80: 76 | D80: 魚乾 | E80: 魚乾 | F80: annie72127 | G80: 310596431 | L80: https://www.instagram.com/annie72127/
A81: 77 | B81: 39 | C81: Y | D81: 小吳（見習網美小吳） | E81: 見習網美小吳 | F81: beauty___wu | G81: 264560267 | H81: g | I81: 1728 | J81: 75.9萬 | K81: 769 | L81: https://www.instagram.com/beauty___wu/ | P81: https://dailyview.tw/top100/item/13454?theme=36&range=30
A82: 78 | B82: 151 | C82: Y | D82: 艾爾文 | E82: 艾爾文 | F82: alvin701 | G82: 1972535324 | H82: 1 | I82: 1327 | J82: 18.8萬 | K82: 141 | L82: https://www.instagram.com/alvin701/ | P82: https://dailyview.tw/top100/item/12003?theme=36&range=30
A83: 79 | B83: 6 | C83: Y | D83: 張志祺（志祺七七 X 圖文不符） | E83: 志祺 | F83: shasha77.daily | G83: 7011513421 | H83: 1 | L83: https://www.instagram.com/shasha77.daily/ | P83: https://dailyview.tw/top100/item/12004?theme=36&range=30
A84: 80 | D84: 欸你這週要幹嘛 | E84: 欸你這週要幹嘛 | F84: arielsvlog_816 | G84: 8320554996 | L84: https://www.instagram.com/arielsvlog_816/
A85: 81 | B85: 182 | C85: Y | D85: 營養健身葛格Peeta | E85: PEETA葛格 | F85: peeta.gege | G85: 255612709 | H85: 1 | L85: https://www.instagram.com/peeta.gege/ | P85: https://dailyview.tw/top100/item/19377?theme=36&range=30
A86: 82 | B86: 190 | C86: Y | D86: 咪妃 | E86: 咪妃（榴槤姊姊） | F86: juliamisakii | G86: 646090220 | H86: 1 | L86: https://www.instagram.com/juliamisakii/ | P86: https://dailyview.tw/top100/item/12992?theme=36&range=30
A87: 83 | B87: 26 | C87: Y | D87: 呱吉 邱威傑 | E87: 呱吉 | F87: froggychiu | G87: 143625 | H87: g | I87: 980 | J87: 33.9萬 | K87: 720 | L87: https://www.instagram.com/froggychiu/ | P87: https://dailyview.tw/top100/item/7651?theme=36&range=30
A88: 84 | D88: 莊政威 Cliff Chuang | E88: 克里夫三 | F88: cliffchuang3 | G88: 6994695601 | L88: https://www.instagram.com/cliffchuang3/
A89: 85 | D89: 漢娜在翻譯 | E89: Hanna はんな｜漢娜在翻譯 | F89: hannainjp | G89: 212901855 | L89: https://www.instagram.com/hannainjp/
A90: 86 | B90: 120 | C90: Y | D90: RuRu（Ru味春捲） | E90: Ru味春捲Ru's Piano | F90: ruruspiano | G90: 589042879 | H90: g | I90: 1332 | J90: 22.2萬 | K90: 693 | L90: https://www.instagram.com/ruruspiano/ | P90: https://dailyview.tw/top100/item/15719?theme=36&range=30
A91: 87 | D91: P.LEAGUE | E91: P. LEAGUE+ | F91: p.league.official | G91: 39431801958 | L91: https://www.instagram.com/p.league.official/
A92: 88 | D92: HahaTai 哈哈台 | E92: HahaTai 哈哈台 | F92: hahatai_official | G92: 2373420238 | L92: https://www.instagram.com/hahatai_official/
A93: 89 | D93: A力地方媽媽 | E93: 地方媽媽A力 | F93: local_mom_ellie | G93: 13854284478 | L93: https://www.instagram.com/local_mom_ellie/
A94: 90 | D94: Ines Wang | E94: 王以甯 𝙸 𝙽 𝙴 𝚂 | F94: inesinesw | G94: 330953157 | L94: https://www.instagram.com/inesinesw/
A95: 91 | D95: 豪吃來吃 | E95: 豪吃來吃 ｜高雄 嘉義 台南 台中 美食 旅遊 住宿 | F95: howeat219 | G95: 4029942073 | L95: https://www.instagram.com/howeat219/
A96: 92 | D96: 依梨 | E96: 依梨🐰 | F96: lebaby0v0 | G96: 334198510 | L96: https://www.instagram.com/lebaby0v0/
A97: 93 | B97: 27 | C97: Y | D97: 葳老闆 周品均 | E97: 葳老闆｜周品均 | F97: mayukichou | G97: 18346291 | L97: https://www.instagram.com/mayukichou/ | P97: https://dailyview.tw/top100/item/22461?theme=36&range=30
A98: 94 | D98: Irene 林艾融 | E98: 林艾融 | F98: irenelin0413 | G98: 336804104 | L98: https://www.instagram.com/irenelin0413/
A99: 95 | D99: BBpPro Lin Ching Chieh 林敬傑 | E99: 超級熱狗王 林敬傑 IFBB PRO | F99: ackj0301_ifbbpro | G99: 356292460 | L99: https://www.instagram.com/ackj0301_ifbbpro/
A100: 96 | D100: Emma艾瑪 | E100: Emma 艾瑪 | F100: xollox121 | G100: 255423608 | L100: https://www.instagram.com/xollox121/
...

Sheet Merge2
A1: Aisa_Order | B1: Temperature_order | C1: both | D1: person_name | E1: ig_name | F1: ig_id | G1: ig_strong_id | H1: done | I1: posts | J1: Followers | K1: Following | L1: ig_url | M1: ig_private | N1: ig_notSure_notFound | O1: ig_repeat | P1: temperature_link
A2: 1 | B2: 2 | C2: Y | D2: 蔡阿嘎 蔡緯嘉 | E2: 蔡阿嘎 | F2: yga0721 | G2: 45717781 | H2: 1 | L2: https://www.instagram.com/yga0721/ | O2: 趣味搞笑 | P2: https://dailyview.tw/top100/item/1246?theme=36&range=30
A3: 2 | D3: Joeman | E3: Joeman 九妹 | F3: joemanweng | G3: 360484090 | H3: g | L3: https://www.instagram.com/joemanweng/ | O3: 美食料理,3C科技,趣味搞笑
A4: 3 | D4: 黃阿瑪的後宮生活 | E4: 黃阿瑪的後宮生活 | F4: fumeancat | G4: 1399123752 | H4: 1 | I4: 4527 | J4: 105萬 | K4: 159 | L4: https://www.instagram.com/fumeancat/ | O4: 寵物
A5: 4 | B5: 63 | C5: Y | D5: 千千 Chien-Chien | E5: 千千 | F5: khshu_ | G5: 254432523 | H5: g | I5: 989 | J5: 88.8萬 | K5: 962 | L5: https://www.instagram.com/khshu_/ | O5: 美食料理 | P5: https://dailyview.tw/top100/item/3673?theme=36&range=30
A6: 5 | D6: 小象愛出門 | E6: 小象愛出門 | F6: elephant_gogo | G6: 484667815 | H6: g | L6: https://www.instagram.com/elephant_gogo/ | O6: 美食料理,旅遊
A7: 6 | B7: 123 | C7: Y | D7: 品筠&京燁（那對夫妻） | E7: 那對夫妻Nico&Kim | F7: 1006nk | G7: 1701651749 | H7: 1 | L7: https://www.instagram.com/1006nk/ | O7: 趣味搞笑,家庭母嬰,表演藝術 | P7: https://dailyview.tw/top100/item/1259?theme=36&range=30
A8: 7 | B8: 81 | C8: Y | D8: HowHow 陳孜昊 | E8: HowHow | F8: howhowhasfriends | G8: 6505088311 | H8: 1 | L8: https://www.instagram.com/howhowhasfriends | O8: 趣味搞笑 | P8: https://dailyview.tw/top100/item/1298?theme=36&range=30
A9: 8 | D9: PanSci 泛科學 | E9: PanSci 泛科學 | F9: pansci | G9: 1455058965 | H9: 1 | L9: https://www.instagram.com/pansci/ | O9: 知識教育
A10: 9 | B10: 77 | C10: Y | D10: 一隻阿圓 | E10: 一隻阿圓 | F10: nanaciaociao | G10: 313471712 | H10: 1 | I10: 3490 | J10: 56.1萬 | K10: 1038 | L10: https://www.instagram.com/nanaciaociao/ | O10: 美妝保養,時尚潮流,旅遊 | P10: https://dailyview.tw/top100/item/13075?theme=36&range=30
A11: 10 | D11: 欸你這週要幹嘛 | E11: 欸你這週要幹嘛 | F11: arielsvlog_816 | G11: 8320554996 | H11: 1 | L11: https://www.instagram.com/arielsvlog_816/ | O11: 趣味搞笑
A12: 11 | B12: 134 | C12: Y | D12: 77老大 | E12: 77老大 | F12: basil_77777 | H12: 1 | L12: https://www.instagram.com/zamy_ding/ | O12: 醫療健康,知識教育 | P12: https://dailyview.tw/top100/item/15650?theme=36&range=30
A13: 12 | B13: 126 | C13: Y | D13: 那個女生 Kiki | E13: 那個女生Kiki | F13: minikiki_0529 | H13: 1 | L13: https://www.instagram.com/minikiki_0529/ | O13: 美食料理,知識教育 | P13: https://dailyview.tw/top100/item/11946?theme=36&range=30
A14: 13 | B14: 31 | C14: Y | D14: 阿滴 都省瑞 | E14: 阿滴 | F14: rayduenglish | L14: https://www.instagram.com/rayduenglish/ | O14: 知識教育 | P14: https://dailyview.tw/top100/item/1274?theme=36&range=30
A15: 14 | B15: 54 | C15: Y | D15: 好味小姐 Lady Flavor | E15: 好味小姐與蛋捲,短褲,麻糊,米香,橘皮,本丸,圓仔,More | F15: ladyflavor | G15: 3417748590 | H15: 1 | L15: https://www.instagram.com/ladyflavor/ | O15: 美食料理,寵物 | P15: https://dailyview.tw/top100/item/12056?theme=36&range=30
A16: 14 | B16: 54 | C16: Y | D16: 好味小姐 Lady Flavor | E16: 好味小姐脆脆 | F16: ladyflavor_cui | G16: 3656815405 | H16: 1 | L16: https://www.instagram.com/ladyflavor_cui/ | P16: https://dailyview.tw/top100/item/12056?theme=36&range=30
A17: 14 | B17: 54 | C17: Y | D17: 好味小姐 Lady Flavor | E17: 好味小姐腦波弱跟Podcast | F17: ladyflavor_nowpo | G17: 53675526308 | H17: 1 | L17: https://www.instagram.com/ladyflavor_nowpo/ | P17: https://dailyview.tw/top100/item/12056?theme=36&range=30
A18: 15 | D18: 廉傑克曼 | E18: 張廉傑 RJ / 阿傑 | F18: jaychang0127 | G18: 328078093 | H18: g | I18: 1841 | J18: 41.3萬 | K18: 4009 | L18: https://www.instagram.com/jaychang0127/ | O18: 遊戲電玩
A19: 16 | D19: 江老師 | E19: 我是江老師 | F19: teacherchiang | G19: 30136496472 | H19: g | I19: 1898 | J19: 30.6萬 | K19: 621 | L19: https://www.instagram.com/teacherchiang | O19: 表演藝術,時尚潮流,家庭母嬰
A20: 17 | D20: 那些電影教我的事 | E20: 那些電影教我的事 | F20: lessonsfrommovies | G20: 485234984 | H20: 1 | L20: https://www.instagram.com/lessonsfrommovies/ | O20: 影視評論
A21: 18 | D21: 豆漿--Soybean-Milk | E21: 豆漿-SoybeanMilk | F21: soybeanmilk_cat | G21: 5556187464 | H21: 1 | L21: https://www.instagram.com/soybeanmilk_cat/ | O21: 寵物
A22: 19 | B22: 48 | C22: Y | D22: 洋蔥（Onion Man） | E22: 洋蔥先生與阿文 | F22: onionman__ | G22: 1981431196 | H22: g | I22: 1172 | J22: 45.7萬 | K22: 921 | L22: https://www.instagram.com/onionman__/ | O22: 表演藝術,趣味搞笑 | P22: https://dailyview.tw/top100/item/3117?theme=36&range=30
A23: 20 | B23: 56 | C23: Y | D23: 霸軒與小美 Baxuan & Mei | E23: 霸軒BAXUAN | F23: baxuan_ig | G23: 1959578996 | H23: g | I23: 1061 | J23: 73.9萬 | K23: 2826 | L23: https://www.instagram.com/baxuan_ig/ | O23: 表演藝術,趣味搞笑 | P23: https://dailyview.tw/top100/item/23575?theme=36&range=30
A24: 21 | B24: 62 | C24: Y | D24: 蛇丸 | E24: 大蛇丸 | F24: jam_cutepig | G24: 2214964723 | H24: 1 | L24: https://www.instagram.com/jam_cutepig/ | O24: 趣味搞笑 | P24: https://dailyview.tw/top100/item/13874?theme=36&range=30
A25: 22 | B25: 21 | C25: Y | D25: Andy老師 王崇睿 | E25: Andy老師 | F25: andy1994x | G25: 4017891221 | H25: 1 | L25: https://www.instagram.com/andy1994x/ | O25: 趣味搞笑,表演藝術 | P25: https://dailyview.tw/top100/item/26853?theme=36&range=30
A26: 23 | B26: 80 | C26: Y | D26: 許廷瑞（超認真少年Imserious） | E26: 超認真少年 | F26: imseriou | G26: 8743462644 | H26: g | I26: 1517 | J26: 13.7萬 | K26: 744 | L26: https://www.instagram.com/imseriou/ | O26: 知識教育 | P26: https://dailyview.tw/top100/item/18065?theme=36&range=30
A27: 24 | D27: 三原慧悟-Sanyuan_JAPAN | E27: 三原 慧悟/サンエン/Mr.3 | F27: sanyuan_japan | G27: 2036845994 | H27: 1 | L27: https://www.instagram.com/sanyuan_japan/ | O27: 旅遊,趣味搞笑
A28: 25 | B28: 7 | C28: Y | D28: 亞拉（貓貓蟲咖波） | E28: Bugcat Capoo | F28: bugcat_capoo | G28: 2122019014 | H28: 1 | L28: https://www.instagram.com/bugcat_capoo/ | O28: 表演藝術 | P28: https://dailyview.tw/top100/item/3047?theme=36&range=30
A29: 26 | B29: 187 | C29: Y | D29: Ian與Eric（The DoDo Men - 嘟嘟人） | E29: The DoDo Men - 嘟嘟人 | F29: thedodomen | H29: 1 | L29: https://www.instagram.com/thedodomen/ | O29: 旅遊,趣味搞笑 | P29: https://dailyview.tw/top100/item/23345?theme=36&range=30
A30: 27 | B30: 30 | C30: Y | D30: 黃氏兄弟 | E30: 黃氏兄弟 | F30: huangbrotherss | G30: 6231869789 | H30: 1 | L30: https://www.instagram.com/huangbrotherss/ | O30: 趣味搞笑,表演藝術 | P30: https://dailyview.tw/top100/item/10692?theme=36&range=30
A31: 28 | B31: 163 | C31: Y | D31: 微疼 | E31: 微疼 | F31: weiteng0710 | L31: https://www.instagram.com/weiteng0710/ | O31: 表演藝術,趣味搞笑 | P31: https://dailyview.tw/top100/item/3079?theme=36&range=30
A32: 29 | B32: 36 | C32: Y | D32: 琳妲 林羿禎 | E32: 琳妲-林羿禎💕 | F32: linda831212 | G32: 262292089 | H32: g | I32: 5210 | J32: 98.7萬 | K32: 2400 | L32: https://www.instagram.com/linda831212/ | O32: 表演藝術,趣味搞笑 | P32: https://dailyview.tw/top100/item/22984?theme=36&range=30
A33: 30 | B33: 71 | C33: Y | D33: 白癡公主 | E33: 白癡公主 | F33: 87acup | G33: 323227199 | H33: 1 | L33: https://www.instagram.com/87acup/ | O33: 趣味搞笑 | P33: https://dailyview.tw/top100/item/2804?theme=36&range=30
A34: 31 | B34: 91 | C34: Y | D34: 布萊克薛薛 | E34: 布萊克薛薛Drangadrang | F34: k3okii | G34: 192726292 | H34: 1 | L34: https://www.instagram.com/k3okii/ | O34: 旅遊,美食料理 | P34: https://dailyview.tw/top100/item/2841?theme=36&range=30
A35: 32 | D35: 厭世甜點店 | E35: 厭世甜點店 | F35: energydessert2019 | L35: https://www.instagram.com/energydessert2019/ | O35: 美食料理
A36: 33 | D36: 陳彥婷 | E36: 陳彥婷 Tiffany | F36: thetiffanychen | G36: 4053642540 | H36: 1 | L36: https://www.instagram.com/thetiffanychen/ | O36: 趣味搞笑
A37: 34 | D37: 魚乾 | E37: 魚乾 | F37: annie72127 | G37: 310596431 | H37: 1 | L37: https://www.instagram.com/annie72127/ | O37: 寵物,遊戲電玩,趣味搞笑
A38: 35 | B38: 6 | C38: Y | D38: 張志祺（志祺七七 X 圖文不符） | E38: 志祺 | F38: shasha77.daily | G38: 7011513421 | H38: 1 | L38: https://www.instagram.com/shasha77.daily/ | O38: 知識教育,時事討論,高階經理人 | P38: https://dailyview.tw/top100/item/12004?theme=36&range=30
A39: 36 | B39: 104 | C39: Y | D39: HOOK | E39: HOOK | F39: helloiamhook | G39: 6666970922 | H39: 1 | L39: https://www.instagram.com/helloiamhook/ | O39: 寵物,旅遊,美食料理 | P39: https://dailyview.tw/top100/item/14192?theme=36&range=30
A40: 37 | D40: 木曜4超玩 | E40: 木曜4超玩 | F40: muyao4 | G40: 5422332449 | H40: 1 | L40: https://www.instagram.com/muyao4/ | O40: 旅遊
A41: 38 | B41: 186 | C41: Y | D41: 丹妮婊姐 | E41: 丹妮婊姐星球 | F41: dannybeeech | G41: 1387337609 | H41: 1 | I41: 1231 | J41: 25.7萬 | K41: 2 | L41: https://www.instagram.com/dannybeeech/ | O41: 美妝保養,時尚潮流,趣味搞笑 | P41: https://dailyview.tw/top100/item/1266?theme=36&range=30
A42: 39 | B42: 199 | C42: Y | D42: 泱泱 吳泱潾 LYNN | E42: 泱泱LYNN | F42: lynnwu0219_2 | G42: 47642521277 | H42: 1 | L42: https://www.instagram.com/lynnwu0219_2/ | O42: 帶貨分潤 | P42: https://dailyview.tw/top100/item/9605?theme=36&range=30
A43: 40 | D43: HahaTai-哈哈台 | E43: HahaTai 哈哈台 | F43: hahatai_official | G43: 2373420238 | H43: g | L43: https://www.instagram.com/hahatai_official/ | O43: 趣味搞笑
A44: 41 | B44: 14 | C44: Y | D44: 丁特 Dinter | E44: 丁特頻道 | F44: dinteroffical | H44: 1 | L44: https://www.instagram.com/dinteroffical/ | O44: 遊戲電玩 | P44: https://dailyview.tw/top100/item/2798?theme=36&range=30
A45: 42 | B45: 177 | C45: Y | D45: 彼得爸與蘇珊媽 | E45: 彼得爸與蘇珊媽 | F45: peter_and_susan | G45: 22917989 | H45: g | I45: 3128 | J45: 11.5萬 | K45: 1251 | L45: https://www.instagram.com/peter_and_susan/ | O45: 旅遊,家庭母嬰,帶貨分潤 | P45: https://dailyview.tw/top100/item/19358?theme=36&range=30
A46: 43 | B46: 146 | C46: Y | D46: 阿翰 | E46: 阿翰po影片 | F46: hanhanpovideo | L46: https://www.instagram.com/hanhanpovideo/ | O46: 趣味搞笑 | P46: https://dailyview.tw/top100/item/6378?theme=36&range=30
A47: 44 | D47: 愛里 | E47: 愛里 | F47: allie.liao | G47: 1962736611 | H47: g | I47: 173 | J47: 61.3萬 | K47: 1321 | L47: https://www.instagram.com/allie.liao/ | O47: 知識教育,趣味搞笑
A48: 45 | D48: 這群人 尼克 | E48: 尼克 王士維 | F48: nickwang1988 | L48: https://www.instagram.com/nickwang1988/ | O48: 趣味搞笑,表演藝術
A49: 46 | B49: 4 | C49: Y | D49: 蔡桃貴 | E49: 蔡桃貴 | F49: tsaigray2018 | G49: 8047388429 | H49: 1 | L49: https://www.instagram.com/tsaigray2018/ | O49: 家庭母嬰,趣味搞笑 | P49: https://dailyview.tw/top100/item/14457?theme=36&range=30
A50: 47 | B50: 120 | C50: Y | D50: RuRu（Ru味春捲） | E50: Ru味春捲Ru's Piano | F50: ruruspiano | G50: 589042879 | H50: g | I50: 1332 | J50: 22.2萬 | K50: 693 | L50: https://www.instagram.com/ruruspiano/ | O50: 表演藝術 | P50: https://dailyview.tw/top100/item/15719?theme=36&range=30
A51: 48 | B51: 122 | C51: Y | D51: 阿啾 | E51: 阿啾小劇場 | F51: achusan0817 | G51: 2214961036 | H51: 1 | L51: https://www.instagram.com/achusan0817/ | O51: 表演藝術,趣味搞笑 | P51: https://dailyview.tw/top100/item/3127?theme=36&range=30
A52: 48 | B52: 122 | C52: Y | D52: 阿啾 | E52: 劉啾慶 | F52: achu08177 | G52: 6183789581 | H52: 1 | L52: https://www.instagram.com/achu08177/ | P52: https://dailyview.tw/top100/item/3127?theme=36&range=30
A53: 49 | D53: 黃大謙 | E53: 黃大謙 | F53: da_chien_huang | L53: https://www.instagram.com/da_chien_huang/ | O53: 趣味搞笑
A54: 50 | B54: 83 | C54: Y | D54: 愛莉莎莎 Alisasa | E54: 愛莉莎莎Alisasa 🐨 | F54: goodalicia | G54: 328949039 | H54: g | I54: 1636 | J54: 61.3萬 | K54: 1266 | L54: https://www.instagram.com/goodalicia/ | O54: 美妝保養,時尚潮流 | P54: https://dailyview.tw/top100/item/11956?theme=36&range=30
A55: 51 | B55: 39 | C55: Y | D55: 小吳（見習網美小吳） | E55: 見習網美小吳 | F55: beauty___wu | G55: 264560267 | H55: g | I55: 1728 | J55: 75.9萬 | K55: 769 | L55: https://www.instagram.com/beauty___wu/ | O55: 美妝保養,趣味搞笑 | P55: https://dailyview.tw/top100/item/13454?theme=36&range=30
A56: 52 | B56: 135 | C56: Y | D56: Charlie 查理 | E56: Charlene Liu 查理 | F56: coindevanity | L56: https://www.instagram.com/coindevanity/ | O56: 美妝保養,時尚潮流,旅遊 | P56: https://dailyview.tw/top100/item/2472?theme=36&range=30
A57: 53 | B57: 182 | C57: Y | D57: 營養健身葛格Peeta | E57: PEETA葛格 | F57: peeta.gege | G57: 255612709 | L57: https://www.instagram.com/peeta.gege/ | O57: 運動健身 | P57: https://dailyview.tw/top100/item/19377?theme=36&range=30
A58: 54 | D58: 波蘭女孩x台灣男孩 在家環遊世界 | E58: Mila Sky | F58: milasky_love | L58: https://www.instagram.com/milasky_love/ | O58: 旅遊,美食料理
A59: 55 | D59: 連環泡有芒果 | E59: 連環泡有芒果 | F59: corgimango | L59: https://www.instagram.com/corgimango/ | O59: 美食料理,寵物,趣味搞笑
A60: 56 | D60: Emma艾瑪 | E60: Emma 艾瑪 | F60: xollox121 | G60: 255423608 | H60: g | L60: https://www.instagram.com/xollox121/ | O60: 運動健身
A61: 57 | B61: 161 | C61: Y | D61: 艾瑞絲 Aries | E61: Aries艾瑞絲 | F61: aries_8248 | G61: 453456033 | H61: g | I61: 2021 | J61: 77.4萬 | K61: 938 | L61: https://www.instagram.com/aries_8248/ | O61: 美食料理,表演藝術,趣味搞笑 | P61: https://dailyview.tw/top100/item/2778?theme=36&range=30
A62: 58 | D62: 蘿潔塔的廚房 | E62: 蘿潔塔的廚房 | F62: rosalina.kitchen | G62: 2319795781 | H62: 1 | L62: https://www.instagram.com/rosalina.kitchen/ | O62: 美食料理,帶貨分潤
A63: 59 | D63: 瑀熙 Yuci | E63: 瑀熙Yuci🐻 | F63: uccu0323 | L63: https://www.instagram.com/uccu0323/ | O63: 旅遊,遊戲電玩
A64: 60 | D64: 這群人TGOP | E64: 這群人 TGOP | F64: thisgroupofpeople | G64: 3179636262 | H64: 1 | I64: 2365 | J64: 63.4萬 | K64: 15 | L64: https://www.instagram.com/thisgroupofpeople/ | O64: 趣味搞笑
A65: 61 | D65: 3cTim哥生活的日常 | E65: Tim哥 | F65: 3ctim | L65: https://www.instagram.com/3ctim/ | O65: 3C科技
A66: 62 | D66: 百變沛莉 Peri | E66: 沛莉 Peri Chang | F66: peri168 | L66: https://www.instagram.com/peri168/ | O66: 美妝保養,時尚潮流,家庭母嬰
A67: 63 | D67: 鹿人 | E67: 鹿人 | F67: twodeerman | G67: 1422088439 | H67: 1 | I67: 920 | J67: 41萬 | K67: 207 | L67: https://www.instagram.com/twodeerman/ | O67: 表演藝術,趣味搞笑
A68: 64 | D68: 關韶文 | E68: 關韶文 關關✨ | F68: ethan_kuan_kuan | G68: 270217123 | H68: 1 | I68: 1904 | J68: 36.7萬 | K68: 500 | L68: https://www.instagram.com/ethan_kuan_kuan/ | O68: 美妝保養,趣味搞笑,表演藝術
A69: 65 | D69: 健人蓋伊 | E69: 健人蓋伊 | F69: gu_yuze | G69: 2945747715 | H69: g | L69: https://www.instagram.com/gu_yuze/ | O69: 運動健身
A70: 66 | D70: GINA HELLO! | E70: GINA HELLO | F70: ginachiki | L70: https://www.instagram.com/ginachiki/ | O70: 美妝保養,時尚潮流,旅遊
A71: 67 | D71: 我是老爸-我不要當爸! | E71: 我是老爸，我不要當爸 | F71: daddy.iam | G71: 3638274950 | H71: g | I71: 546 | J71: 10.2萬 | K71: 300 | L71: https://www.instagram.com/daddy.iam/ | O71: 旅遊,美食料理
A72: 68 | B72: 66 | C72: Y | D72: 蛋哥 | E72: 蛋哥超有事EggThings | F72: egg_things | H72: 1 | L72: https://www.instagram.com/egg_things/ | O72: 表演藝術 | P72: https://dailyview.tw/top100/item/3084?theme=36&range=30
A73: 69 | B73: 23 | C73: Y | D73: 雨揚（雨揚樂活家族） | E73: 招財｜數字測驗 | F73: yu.young_fate | H73: 1 | L73: https://www.instagram.com/yu.young_fate/ | O73: 綜合其他 | P73: https://dailyview.tw/top100/item/18047?theme=36&range=30
A74: 70 | B74: 127 | C74: Y | D74: Zoebitalk肉比頭 | E74: 肉比頭#用奇怪方式環遊世界的情侶 | F74: zoebitalk | L74: https://www.instagram.com/zoebitalk/ | O74: 旅遊,知識教育 | P74: https://dailyview.tw/top100/item/20925?theme=36&range=30
A75: 71 | D75: 現在宅知道 | E75: 現在宅知道 | F75: cb.otaku | L75: https://www.instagram.com/cb.otaku/ | O75: 遊戲電玩
A76: 72 | B76: 192 | C76: Y | D76: 尊 朱玉恩（人生肥宅x尊） | E76: 人生肥宅x尊 | F76: loserzun | H76: 1 | L76: https://www.instagram.com/loserzun/ | O76: 趣味搞笑,遊戲電玩 | P76: https://dailyview.tw/top100/item/1279?theme=36&range=30
A77: 73 | D77: 啾啾妹 by LIIN | E77: 啾啾妹 by LIIN | F77: chuchumei__ | L77: https://www.instagram.com/chuchumei__/ | O77: 趣味搞笑,設計創作
A78: 74 | D78: 閃電狼Flash Wolves | E78: FlashWolves 閃電狼 | F78: flashwolves2013 | G78: 3882104752 | H78: 1 | L78: https://www.instagram.com/flashwolves2013/ | O78: 遊戲電玩
A79: 75 | D79: 融融歷險記 Ben’s Adventure | E79: Ben Wu 融融歷險記 | F79: benwoooo | L79: https://www.instagram.com/benwoooo/ | O79: 旅遊
A80: 76 | D80: 星期天 | E80: 星期天 Sunday | F80: sundayright_dub | G80: 1795150072 | H80: g | I80: 1955 | J80: 18萬 | K80: 1570 | L80: https://www.instagram.com/sundayright_dub/ | O80: 綜合其他
A81: 77 | D81: Yun-Chou | E81: Yun Chou | F81: riceandshine.co | G81: 851583 | H81: g | I81: 2951 | J81: 83.1萬 | K81: 991 | L81: https://www.instagram.com/riceandshine.co/ | O81: 家庭母嬰
A82: 78 | D82: MaoMaoTV | E82: MaoMaoTV | F82: maomaotv | L82: https://www.instagram.com/maomaotv/ | O82: 旅遊
A83: 79 | B83: 128 | C83: Y | D83: 理科太太 Li Ke Tai Tai | E83: Evelyn Chen 理科太太 | F83: liketaitai | H83: 1 | L83: https://www.instagram.com/liketaitai/ | O83: 醫療健康,時事討論 | P83: https://dailyview.tw/top100/item/11914?theme=36&range=30
A84: 80 | D84: 小A辣 | E84: 小A辣🌶️ | F84: ala780705 | G84: 5703523434 | H84: g | I84: 1756 | J84: 35.3萬 | K84: 1481 | L84: https://www.instagram.com/ala780705/ | O84: 趣味搞笑
A85: 81 | D85: 兔女狼 | E85: 兔女狼Rabbit& Wolf | F85: colorfulinsideus | L85: https://www.instagram.com/colorfulinsideus/ | O85: 旅遊
A86: 82 | D86: 有璟妍精요찡옌찡 | E86: 有璟 요찡 🇰🇷 | F86: 602avenue | L86: https://www.instagram.com/602avenue/ | O86: 旅遊,美食料理
A87: 83 | B87: 101 | C87: Y | D87: 滴妹 都冠伶 | E87: 滴妹 | F87: crown_du | L87: https://www.instagram.com/crown_du/ | O87: 旅遊,美食料理,知識教育 | P87: https://dailyview.tw/top100/item/7650?theme=36&range=30
A88: 84 | D88: 莫彩曦Hailey | E88: Hailey 莫彩曦 | F88: hailey_jane | L88: https://www.instagram.com/hailey_jane/ | O88: 綜合其他
A89: 85 | D89: 星光奈奈 | E89: 星光奈奈 | F89: 5inana | L89: https://www.instagram.com/5inana/ | O89: 旅遊,表演藝術
A90: 86 | D90: Gary蓋瑞 | E90: Gary蓋瑞 | F90: gary.0917 | L90: https://www.instagram.com/gary.0917/ | O90: 遊戲電玩
A91: 87 | D91: Jason-Chen-陳以桐 | E91: Jason Chen 陳以桐 | F91: jasondchen | G91: 32527641 | H91: 1 | L91: https://www.instagram.com/jasondchen/ | O91: 表演藝術
A92: 88 | D92: 台灣妞韓國媳 | E92: Taiwanniu | F92: taiwanniu421 | L92: https://www.instagram.com/taiwanniu421/ | O92: 美妝保養,旅遊,帶貨分潤
A93: 89 | B93: 5 | C93: Y | D93: Cheap 鄭才暐 | E93: 鄭才暐 | F93: cheapaoe | H93: 1 | L93: https://www.instagram.com/cheapaoe/ | O93: 遊戲電玩,時事討論 | P93: https://dailyview.tw/top100/item/15683?theme=36&range=30
A94: 90 | D94: 王宏哲教養、育兒寶典 | E94: 王宏哲教養育兒寶典 | F94: wanghungche | L94: https://www.instagram.com/wanghungche/ | O94: 家庭母嬰,知識教育,高階經理人
A95: 91 | D95: 小葵-XiaoKui | E95: 小葵 XiaoKui | F95: miao11255 | G95: 1673522323 | H95: g | I95: 1359 | J95: 17.7萬 | K95: 765 | L95: https://www.instagram.com/miao11255/ | O95: 遊戲電玩
A96: 92 | D96: High咖-邱志恒 | E96: ✨High咖-邱志恒✨嗨咖 | F96: children0704 | L96: https://www.instagram.com/children0704/ | O96: 趣味搞笑
A97: 93 | B97: 49 | C97: Y | D97: Lobo 蘿蔔 | E97: Lobo蘿蔔 | F97: lobo_is_good | H97: 1 | L97: https://www.instagram.com/lobo_is_good/ | O97: 遊戲電玩 | P97: https://dailyview.tw/top100/item/11753?theme=36&range=30
A98: 94 | D98: 黃小米 Mii | E98: 黃小米 Mii | F98: lovemiihuang | L98: https://www.instagram.com/lovemiihuang/ | O98: 美妝保養,時尚潮流,旅遊
A99: 95 | D99: 鼻妹的廢話亂畫 | E99: 鼻妹 Bimay | F99: bimay_nagging | L99: https://www.instagram.com/bimay_nagging/ | O99: 表演藝術,趣味搞笑
A100: 96 | D100: Sandy 珊迪 | E100: Sandykaka 珊迪 | F100: sandykaka_ | G100: 2620202 | H100: 1 | I100: 3268 | J100: 29萬 | K100: 477 | L100: https://www.instagram.com/sandykaka_/ | O100: 美食料理,寵物,遊戲電玩
...

Sheet Top200_fb_20260126
A1: order | B1: person_name | C1: fb_name | D1: fb_id | E1: fb_url | F1: fb_private | G1: fb_notSure_notFound | H1: thread_repeat | I1: temperature_link
A2: 1 | B2: 館長 陳之漢 | C2: 飆悍FB粉絲團 | D2: 飆捍-1471772763091863 | E2: https://www.facebook.com/people/%E9%A3%86%E6%8D%8D/100044226139684/ | I2: https://dailyview.tw/top100/item/1247?theme=36&range=30
A3: 1 | B3: 館長 陳之漢 | C3: 惡名昭彰FB粉絲團 | D3: notorious.taiwan | E3: https://www.facebook.com/notorious.taiwan
A4: 2 | B4: 蔡阿嘎 蔡緯嘉 | C4: 蔡阿嘎 | D4: WithGaLoveTaiwan | E4: https://www.facebook.com/WithGaLoveTaiwan | I4: https://dailyview.tw/top100/item/1246?theme=36&range=30
A5: 3 | B5: 嘎嫂二伯&蔡波能 | C5: 嘎嫂二伯 | D5: 2uncle | E5: https://www.facebook.com/2uncle | I5: https://dailyview.tw/top100/item/19379?theme=36&range=30
A6: 4 | B6: 蔡桃貴 | C6: 蔡桃貴 | D6: tsaigray2018 | E6: https://www.facebook.com/tsaigray2018 | I6: https://dailyview.tw/top100/item/14457?theme=36&range=30
A7: 5 | B7: Cheap 鄭才暐 | C7: Cheap | D7: cheapAOE | E7: https://www.facebook.com/cheapAOE | I7: https://dailyview.tw/top100/item/15683?theme=36&range=30
A8: 6 | B8: 張志祺（志祺七七 X 圖文不符） | C8: 志祺七七 | D8: 志祺七七-231881397571066 | E8: https://www.facebook.com/people/%E5%BF%97%E7%A5%BA%E4%B8%83%E4%B8%83/100044536411998/ | I8: https://dailyview.tw/top100/item/12004?theme=36&range=30
A9: 7 | B9: 亞拉（貓貓蟲咖波） | C9: Bugcat Capoo | D9: capoocat | E9: https://www.facebook.com/capoocat/ | I9: https://dailyview.tw/top100/item/3047?theme=36&range=30
A10: 8 | B10: 歷史哥 李易修 | C10: 歷史哥澄清唬 （李易修） | D10: UseUrBrainPlz | E10: https://www.facebook.com/UseUrBrainPlz/ | I10: https://dailyview.tw/top100/item/21386?theme=36&range=30
A11: 9 | B11: 鍾明軒 | C11: 鍾明軒 | D11: ZhongMingXuan | E11: https://zh-tw.facebook.com/ZhongMingXuan/ | I11: https://dailyview.tw/top100/item/1257?theme=36&range=30
A12: 10 | B12: 晚安小雞 | C12: 晚安小雞 | D12: 晚安小雞/100063918991238 | E12: https://www.facebook.com/people/%E6%99%9A%E5%AE%89%E5%B0%8F%E9%9B%9E/100063918991238/ | I12: https://dailyview.tw/top100/item/23512?theme=36&range=30
A13: 11 | B13: 寒國人 張紹群 | C13: 張紹群 | D13: a22731391 | E13: https://www.facebook.com/a22731391/ | I13: https://dailyview.tw/top100/item/27722?theme=36&range=30
A14: 12 | B14: 唐綺陽 | C14: 唐綺 | D14: JesseTang11 | E14: https://www.facebook.com/JesseTang11/ | I14: https://dailyview.tw/top100/item/1271?theme=36&range=30
A15: 13 | B15: 反骨男孩 WACKYBOYS | C15: Wackyboys | D15: Wackyboys.Fans | E15: https://www.facebook.com/Wackyboys.Fans | I15: https://dailyview.tw/top100/item/7805?theme=36&range=30
... A19: 17 | B19: 恩恩老師EanTV | C19: 恩恩老師 | D19: fbEanTv | E19: https://www.facebook.com/fbEanTv/ | I19: https://dailyview.tw/top100/item/19335?theme=36&range=30
A20: 18 | B20: Den | H20: 1 | I20: https://dailyview.tw/top100/item/14754?theme=36&range=30
A21: 19 | B21: 居妮 Ginny | C21: Ginny Daily居妮 | D21: ginnyhoo | E21: https://www.facebook.com/ginnyhoo/ | I21: https://dailyview.tw/top100/item/13079?theme=36&range=30
A22: 20 | B22: 黃明志 | C22: Namewee 黃明志 | D22: namewee | E22: https://www.facebook.com/namewee/ | I22: https://dailyview.tw/top100/item/3677?theme=36&range=30
A23: 21 | B23: Andy老師 王崇睿 | C23: Andy老師 | D23: andywang1994x | E23: https://www.facebook.com/andywang1994x/ | I23: https://dailyview.tw/top100/item/26853?theme=36&range=30
A24: 22 | B24: 呂捷 | C24: 呂捷 | D24: vgsa.tw | E24: https://www.facebook.com/vgsa.tw/ | I24: https://dailyview.tw/top100/item/12235?theme=36&range=30
A25: 23 | B25: 雨揚（雨揚樂活家族） | C25: 雨揚樂活家族Yu Young | D25: YohoFans | E25: https://zh-tw.facebook.com/YohoFans/ | I25: https://dailyview.tw/top100/item/18047?theme=36&range=30
A26: 24 | B26: 叉雞 | I26: https://dailyview.tw/top100/item/28879?theme=36&range=30
A27: 25 | B27: 薔薔 林嘉凌 | C27: 林嘉凌 薔薔Maze | D27: djmazetw | E27: https://www.facebook.com/djmazetw/ | I27: https://dailyview.tw/top100/item/2495?theme=36&range=30
A28: 26 | B28: 呱吉 邱威傑 | C28: 呱吉 | D28: froggychiu | E28: https://www.facebook.com/froggychiu/ | I28: https://dailyview.tw/top100/item/7651?theme=36&range=30
A29: 27 | B29: 葳老闆 周品均 | I29: https://dailyview.tw/top100/item/22461?theme=36&range=30
A30: 28 | B30: Inokawa Hajime井川一 | I30: https://dailyview.tw/top100/item/20924?theme=36&range=30
A31: 29 | B31: 老王 王倚隆 | I31: https://dailyview.tw/top100/item/19376?theme=36&range=30
A32: 30 | B32: 黃氏兄弟 | I32: https://dailyview.tw/top100/item/10692?theme=36&range=30
A33: 31 | B33: 阿滴 都省瑞 | I33: https://dailyview.tw/top100/item/1274?theme=36&range=30
A34: 32 | B34: 張家寧（秘月期POPOO） | I34: https://dailyview.tw/top100/item/27090?theme=36&range=30
A35: 33 | B35: 蹦闆 呂育銓 | I35: https://dailyview.tw/top100/item/23778?theme=36&range=30
A36: 34 | B36: 亞洲統神 張嘉航 | I36: https://dailyview.tw/top100/item/1255?theme=36&range=30
A37: 35 | B37: 許伯&簡芝（倉鼠人） | I37: https://dailyview.tw/top100/item/18045?theme=36&range=30
A38: 36 | B38: 琳妲 林羿禎 | I38: https://dailyview.tw/top100/item/22984?theme=36&range=30
A39: 37 | B39: 曾博恩 | I39: https://dailyview.tw/top100/item/11950?theme=36&range=30
A40: 38 | B40: 儒哥 | I40: https://dailyview.tw/top100/item/18076?theme=36&range=30
... A137: 131 | B137: 令&一粒（壹加壹） | I137: https://dailyview.tw/top100/item/6872?theme=36&range=30
A138: 131 | B138: 令&一粒（壹加壹）
A139: 132 | B139: 肥波 | I139: https://dailyview.tw/top100/item/23454?theme=36&range=30
A140: 133 | B140: 奎丁 | I140: https://dailyview.tw/top100/item/14925?theme=36&range=30
A141: 134 | B141: 77老大 | I141: https://dailyview.tw/top100/item/15650?theme=36&range=30
A142: 135 | B142: Charlie 查理 | I142: https://dailyview.tw/top100/item/2472?theme=36&range=30
A143: 136 | B143: 烏鴉DoKa | I143: https://dailyview.tw/top100/item/12993?theme=36&range=30
A144: 137 | B144: 咪蕾 미래 | I144: https://dailyview.tw/top100/item/23444?theme=36&range=30
A145: 138 | B145: 蔡哥 | I145: https://dailyview.tw/top100/item/9446?theme=36&range=30
A146: 139 | B146: 可可酒精 | I146: https://dailyview.tw/top100/item/8642?theme=36&range=30
A147: 140 | B147: 小許 | I147: https://dailyview.tw/top100/item/14460?theme=36&range=30
A148: 141 | B148: 巧克力 | I148: https://dailyview.tw/top100/item/2779?theme=36&range=30
A149: 142 | B149: Allen（Men's Game 玩物誌） | I149: https://dailyview.tw/top100/item/11962?theme=36&range=30
A150: 143 | B150: 大H | I150: https://dailyview.tw/top100/item/16627?theme=36&range=30
... A166: 159 | B166: 草爺（含羞草日記） | I166: https://dailyview.tw/top100/item/12995?theme=36&range=30
A167: 160 | B167: Crispy Fried ABC 鹽酥英語 | H167: a | I167: https://dailyview.tw/top100/item/18062?theme=36&range=30
A168: 161 | B168: 艾瑞絲 Aries | I168: https://dailyview.tw/top100/item/2778?theme=36&range=30
A169: 162 | B169: 展榮&展瑞 | I169: https://dailyview.tw/top100/item/7648?theme=36&range=30
A170: 162 | B170: 展榮&展瑞
A171: 163 | B171: 微疼 | I171: https://dailyview.tw/top100/item/3079?theme=36&range=30
A172: 164 | B172: 詹姆士 | I172: https://dailyview.tw/top100/item/5194?theme=36&range=30
A173: 165 | B173: 茶里 | I173: https://dailyview.tw/top100/item/23580?theme=36&range=30
A174: 166 | B174: 老高與小茉 Mr & Mrs Gao | I174: https://dailyview.tw/top100/item/12996?theme=36&range=30
A175: 167 | B175: 李勛 SHIN LI | I175: https://dailyview.tw/top100/item/19333?theme=36&range=30
A176: 168 | B176: 豹子腿 方昶詠 | I176: https://dailyview.tw/top100/item/23411?theme=36&range=30
A177: 169 | B177: uzra | I177: https://dailyview.tw/top100/item/3694?theme=36&range=30
A178: 170 | B178: 紅月 | I178: https://dailyview.tw/top100/item/18053?theme=36&range=30
A179: 171 | B179: 羽毛 | I179: https://dailyview.tw/top100/item/18072?theme=36&range=30
A180: 172 | B180: 錫蘭 Ceylan | I180: https://dailyview.tw/top100/item/23505?theme=36&range=30
A181: 173 | B181: 鵝肉麵 | H181: a | I181: https://dailyview.tw/top100/item/23577?theme=36&range=30
A182: 174 | B182: 半瓶醋 | I182: https://dailyview.tw/top100/item/18063?theme=36&range=30
A183: 175 | B183: 塞門 Psyman | I183: https://dailyview.tw/top100/item/15718?theme=36&range=30
A184: 176 | B184: 尚恩 Shawn | I184: https://dailyview.tw/top100/item/11749?theme=36&range=30
A185: 177 | B185: 彼得爸與蘇珊媽 | I185: https://dailyview.tw/top100/item/19358?theme=36&range=30
A186: 178 | B186: 游否希 | I186: https://dailyview.tw/top100/item/15713?theme=36&range=30
A187: 179 | B187: 權證小哥 | I187: https://dailyview.tw/top100/item/23331?theme=36&range=30
A188: 180 | B188: 試當真 Trial & Error | I188: https://dailyview.tw/top100/item/23602?theme=36&range=30
A189: 181 | B189: 爆哥 Neal | I189: https://dailyview.tw/top100/item/15723?theme=36&range=30
A190: 182 | B190: 營養健身葛格Peeta | I190: https://dailyview.tw/top100/item/19377?theme=36&range=30
A191: 183 | B191: 黑素斯（阿兜仔不教美語） | I191: https://dailyview.tw/top100/item/2802?theme=36&range=30
A192: 184 | B192: 歐耶老師 | I192: https://dailyview.tw/top100/item/27073?theme=36&range=30
A193: 185 | B193: Bit King比特王出任務 | I193: https://dailyview.tw/top100/item/18049?theme=36&range=30
... A208: 200 | B208: LeeJay李潔 | I208: https://dailyview.tw/top100/item/23445?theme=36&range=30

Sheet 「aisa100」的副本
A1: Aisa_Order | B1: person_name | D1: ig_name | E1: ig_id | F1: ig_strong_id | G1: done | H1: posts | I1: Followers | J1: Following | K1: ig_url | L1: ig_url ig_private | M1: ig_notSure_notFound | N1: ig_repeat
A2: 1 | B2: 蔡阿嘎 | C2: =IFERROR(__xludf.DUMMYFUNCTION("REGEXREPLACE(B2, ""[ ,，]"", ""-"")"),"蔡阿嘎") -> 蔡阿嘎 | D2: 蔡阿嘎 | E2: yga0721 | F2: 45717781 | G2: 1 | K2: https://www.instagram.com/yga0721/
A3: 2 | B3: PanSci 泛科學 | C3: =IFERROR(__xludf.DUMMYFUNCTION("REGEXREPLACE(B3, ""[ ,，]"", ""-"")"),"PanSci-泛科學") -> PanSci-泛科學 | D3: PanSci 泛科學 | E3: pansci | F3: 1455058965 | G3: 1 | K3: https://www.instagram.com/pansci/
A4: 3 | B4: 黃阿瑪的後宮生活 | C4: =IFERROR(__xludf.DUMMYFUNCTION("REGEXREPLACE(B4, ""[ ,，]"", ""-"")"),"黃阿瑪的後宮生活") -> 黃阿瑪的後宮生活 | D4: 黃阿瑪的後宮生活 | E4: fumeancat | F4: 1399123752 | G4: 1 | H4: 4527 | I4: 105萬 | J4: 159 | K4: https://www.instagram.com/fumeancat/
A5: 4 | B5: 小象愛出門 | C5: =IFERROR(__xludf.DUMMYFUNCTION("REGEXREPLACE(B5, ""[ ,，]"", ""-"")"),"小象愛出門") -> 小象愛出門 | D5: 小象愛出門 | E5: elephant_gogo | F5: 484667815 | G5: g | K5: https://www.instagram.com/elephant_gogo/
A6: 5 | B6: 那對夫妻 | C6: =IFERROR(__xludf.DUMMYFUNCTION("REGEXREPLACE(B6, ""[ ,，]"", ""-"")"),"那對夫妻") -> 那對夫妻 | D6: 那對夫妻Nico&Kim | E6: 1006nk | F6: 1701651749 | G6: 1 | K6: https://www.instagram.com/1006nk/
A7: 6 | B7: 大蛇丸 | C7: =IFERROR(__xludf.DUMMYFUNCTION("REGEXREPLACE(B7, ""[ ,，]"", ""-"")"),"大蛇丸") -> 大蛇丸 | D7: 大蛇丸 | E7: jam_cutepig | F7: 2214964723 | G7: 1 | K7: https://www.instagram.com/jam_cutepig/
A8: 7 | B8: Aries艾瑞絲 | C8: =IFERROR(__xludf.DUMMYFUNCTION("REGEXREPLACE(B8, ""[ ,，]"", ""-"")"),"Aries艾瑞絲") -> Aries艾瑞絲 | D8: Aries艾瑞絲 | E8: aries_8248 | F8: 453456033 | G8: g | H8: 2021 | I8: 77.4萬 | J8: 938 | K8: https://www.instagram.com/aries_8248/
A9: 8 | B9: 陳彥婷 | C9: =IFERROR(__xludf.DUMMYFUNCTION("REGEXREPLACE(B9, ""[ ,，]"", ""-"")"),"陳彥婷") -> 陳彥婷 | D9: 陳彥婷 Tiffany | E9: thetiffanychen | F9: 4053642540 | G9: 1 | K9: https://www.instagram.com/thetiffanychen/
A10: 9 | B10: Joeman | C10: =IFERROR(__xludf.DUMMYFUNCTION("REGEXREPLACE(B10, ""[ ,，]"", ""-"")"),"Joeman") -> Joeman | D10: Joeman 九妹 | E10: joemanweng | F10: 360484090 | G10: g | K10: https://www.instagram.com/joemanweng/
A11: 10 | B11: 一隻阿圓 | C11: =IFERROR(__xludf.DUMMYFUNCTION("REGEXREPLACE(B11, ""[ ,，]"", ""-"")"),"一隻阿圓") -> 一隻阿圓 | D11: 一隻阿圓 | E11: nanaciaociao | F11: 313471712 | G11: 1 | H11: 3490 | I11: 56.1萬 | J11: 1038 | K11: https://www.instagram.com/nanaciaociao/
A12: 11 | B12: 豆漿- Soybean Milk | C12: =IFERROR(__xludf.DUMMYFUNCTION("REGEXREPLACE(B12, ""[ ,，]"", ""-"")"),"豆漿--Soybean-Milk") -> 豆漿--Soybean-Milk | D12: 豆漿-SoybeanMilk | E12: soybeanmilk_cat | F12: 5556187464 | G12: 1 | K12: https://www.instagram.com/soybeanmilk_cat/
A13: 12 | B13: 貓貓蟲-咖波 | C13: =IFERROR(__xludf.DUMMYFUNCTION("REGEXREPLACE(B13, ""[ ,，]"", ""-"")"),"貓貓蟲-咖波") -> 貓貓蟲-咖波 | D13: Bugcat Capoo | E13: bugcat_capoo | F13: 2122019014 | G13: 1 | K13: https://www.instagram.com/bugcat_capoo/
A14: 13 | B14: 人類超有病 Baxuan | C14: =IFERROR(__xludf.DUMMYFUNCTION("REGEXREPLACE(B14, ""[ ,，]"", ""-"")"),"人類超有病-Baxuan") -> 人類超有病-Baxuan | D14: 霸軒BAXUAN | E14: baxuan_ig | F14: 1959578996 | G14: g | H14: 1061 | I14: 73.9萬 | J14: 2826 | K14: https://www.instagram.com/baxuan_ig/
A15: 14 | B15: 蕾菈 Lyla | C15: =IFERROR(__xludf.DUMMYFUNCTION("REGEXREPLACE(B15, ""[ ,，]"", ""-"")"),"蕾菈-Lyla") -> 蕾菈-Lyla | D15: 蕾菈 Lyla | E15: la.112814 | F15: 534488377 | G15: g | K15: https://www.instagram.com/la.112814/
A16: 15 | B16: 好味小姐 | C16: =IFERROR(__xludf.DUMMYFUNCTION("REGEXREPLACE(B16, ""[ ,，]"", ""-"")"),"好味小姐") -> 好味小姐 | D16: 好味小姐與蛋捲,短褲,麻糊,米香,橘皮,本丸,圓仔,More | E16: ladyflavor | F16: 3417748590 | G16: 1 | K16: https://www.instagram.com/ladyflavor/
A17: 15 | B17: 好味小姐 | C17: =IFERROR(__xludf.DUMMYFUNCTION("REGEXREPLACE(B17, ""[ ,，]"", ""-"")"),"好味小姐") -> 好味小姐 | D17: 好味小姐脆脆 | E17: ladyflavor_cui | F17: 3656815405 | G17: 1 | K17: https://www.instagram.com/ladyflavor_cui/
A18: 15 | B18: 好味小姐 | C18: =IFERROR(__xludf.DUMMYFUNCTION("REGEXREPLACE(B18, ""[ ,，]"", ""-"")"),"好味小姐") -> 好味小姐 | D18: 好味小姐腦波弱跟Podcast | E18: ladyflavor_nowpo | F18: 53675526308 | G18: 1 | K18: https://www.instagram.com/ladyflavor_nowpo/
A19: 16 | B19: 小A辣 | C19: =IFERROR(__xludf.DUMMYFUNCTION("REGEXREPLACE(B19, ""[ ,，]"", ""-"")"),"小A辣") -> 小A辣 | D19: 小A辣🌶️ | E19: ala780705 | F19: 5703523434 | G19: g | H19: 1756 | I19: 35.3萬 | J19: 1481 | K19: https://www.instagram.com/ala780705/
A20: 17 | B20: 泱泱 LYNN | C20: =IFERROR(__xludf.DUMMYFUNCTION("REGEXREPLACE(B20, ""[ ,，]"", ""-"")"),"泱泱-LYNN") -> 泱泱-LYNN | D20: 泱泱LYNN | E20: lynnwu0219_2 | F20: 47642521277 | G20: 1 | K20: https://www.instagram.com/lynnwu0219_2/
A21: 18 | B21: 千千進食中 | C21: =IFERROR(__xludf.DUMMYFUNCTION("REGEXREPLACE(B21, ""[ ,，]"", ""-"")"),"千千進食中") -> 千千進食中 | D21: 千千 | E21: khshu_ | F21: 254432523 | G21: g | H21: 989 | I21: 88.8萬 | J21: 962 | K21: https://www.instagram.com/khshu_/
A22: 19 | B22: Sandy 珊迪 | C22: =IFERROR(__xludf.DUMMYFUNCTION("REGEXREPLACE(B22, ""[ ,，]"", ""-"")"),"Sandy-珊迪") -> Sandy-珊迪 | D22: Sandykaka 珊迪 | E22: sandykaka_ | F22: 2620202 | G22: 1 | H22: 3268 | I22: 29萬 | J22: 477 | K22: https://www.instagram.com/sandykaka_/
A23: 20 | B23: 飆悍 | C23: =IFERROR(__xludf.DUMMYFUNCTION("REGEXREPLACE(B23, ""[ ,，]"", ""-"")"),"飆悍") -> 飆悍 | D23: 陳之漢 | E23: power3067830678 | F23: 3791242285 | G23: 1 | K23: https://www.instagram.com/power3067830678/
A24: 21 | B24: Yun Chou | C24: =IFERROR(__xludf.DUMMYFUNCTION("REGEXREPLACE(B24, ""[ ,，]"", ""-"")"),"Yun-Chou") -> Yun-Chou | D24: Yun Chou | E24: riceandshine.co | F24: 851583 | G24: g | H24: 2951 | I24: 83.1萬 | J24: 991 | K24: https://www.instagram.com/riceandshine.co/
A25: 22 | B25: 琳妲-林羿禎 | C25: =IFERROR(__xludf.DUMMYFUNCTION("REGEXREPLACE(B25, ""[ ,，]"", ""-"")"),"琳妲-林羿禎") -> 琳妲-林羿禎 | D25: 琳妲-林羿禎💕 | E25: linda831212 | F25: 262292089 | G25: g | H25: 5210 | I25: 98.7萬 | J25: 2400 | K25: https://www.instagram.com/linda831212/
A26: 23 | B26: How Fun 如何爽 | C26: =IFERROR(__xludf.DUMMYFUNCTION("REGEXREPLACE(B26, ""[ ,，]"", ""-"")"),"How-Fun-如何爽") -> How-Fun-如何爽 | D26: HowHow | E26: howhowhasfriends | F26: 6505088311 | G26: 1 | K26: https://www.instagram.com/howhowhasfriends
A27: 24 | B27: 魔術Channel - Davio | C27: =IFERROR(__xludf.DUMMYFUNCTION("REGEXREPLACE(B27, ""[ ,，]"", ""-"")"),"魔術Channel---Davio") -> 魔術Channel---Davio | D27: 🎩Davio🎩 | E27: davio_magic | F27: 3025123501 | G27: g | H27: 2068 | I27: 35.3萬 | J27: 674 | K27: https://www.instagram.com/davio_magic/
A28: 25 | B28: HOOK | C28: =IFERROR(__xludf.DUMMYFUNCTION("REGEXREPLACE(B28, ""[ ,，]"", ""-"")"),"HOOK") -> HOOK | D28: HOOK | E28: helloiamhook | F28: 6666970922 | G28: 1 | K28: https://www.instagram.com/helloiamhook/
A29: 26 | B29: lan&Eric | C29: =IFERROR(__xludf.DUMMYFUNCTION("REGEXREPLACE(B29, ""[ ,，]"", ""-"")"),"lan&Eric") -> lan&Eric | D29: The DoDo Men - 嘟嘟人 | E29: thedodomen | F29: 22597217534 | G29: 1 | K29: https://www.instagram.com/thedodomen/
A30: 27 | B30: 嘎嫂二伯 | C30: =IFERROR(__xludf.DUMMYFUNCTION("REGEXREPLACE(B30, ""[ ,，]"", ""-"")"),"嘎嫂二伯") -> 嘎嫂二伯 | D30: 嘎嫂二伯 | E30: 2uncle987 | F30: 2113732341 | G30: g | H30: 4181 | I30: 77.2萬 | J30: 700 | K30: https://www.instagram.com/2uncle987/
A31: 28 | B31: Peter Su | C31: =IFERROR(__xludf.DUMMYFUNCTION("REGEXREPLACE(B31, ""[ ,，]"", ""-"")"),"Peter-Su") -> Peter-Su | D31: Peter Su | E31: peter825 | F31: 2059966 | G31: g | H31: 3584 | I31: 66.7萬 | J31: 931 | K31: https://www.instagram.com/peter825/
A32: 29 | B32: Sandy & Mandy | C32: =IFERROR(__xludf.DUMMYFUNCTION("REGEXREPLACE(B32, ""[ ,，]"", ""-"")"),"Sandy-&-Mandy") -> Sandy-&-Mandy | D32: Sandy&Mandy | E32: sandymandy_official | F32: 5694299090 | G32: 1 | H32: 579 | I32: 51.8萬 | J32: 262 | K32: https://www.instagram.com/sandymandy_official/
A33: 30 | B33: 愛莉莎莎 Alisasa | C33: =IFERROR(__xludf.DUMMYFUNCTION("REGEXREPLACE(B33, ""[ ,，]"", ""-"")"),"愛莉莎莎-Alisasa") -> 愛莉莎莎-Alisasa | D33: 愛莉莎莎Alisasa 🐨 | E33: goodalicia | F33: 328949039 | G33: g | H33: 1636 | I33: 61.3萬 | J33: 1266 | K33: https://www.instagram.com/goodalicia/
A34: 31 | B34: 彼得爸與蘇珊媽 | C34: =IFERROR(__xludf.DUMMYFUNCTION("REGEXREPLACE(B34, ""[ ,，]"", ""-"")"),"彼得爸與蘇珊媽") -> 彼得爸與蘇珊媽 | D34: 彼得爸與蘇珊媽 | E34: peter_and_susan | F34: 22917989 | G34: g | H34: 3128 | I34: 11.5萬 | J34: 1251 | K34: https://www.instagram.com/peter_and_susan/
A35: 32 | B35: 江老師 | C35: =IFERROR(__xludf.DUMMYFUNCTION("REGEXREPLACE(B35, ""[ ,，]"", ""-"")"),"江老師") -> 江老師 | D35: 我是江老師 | E35: teacherchiang | F35: 30136496472 | G35: g | H35: 1898 | I35: 30.6萬 | J35: 621 | K35: https://www.instagram.com/teacherchiang
A36: 33 | B36: 元元 | C36: =IFERROR(__xludf.DUMMYFUNCTION("REGEXREPLACE(B36, ""[ ,，]"", ""-"")"),"元元") -> 元元 | D36: 元 元 | E36: 1105ya | F36: 506333587 | G36: 1 | H36: 1521 | I36: alvin701 | J36: 558 | K36: https://www.instagram.com/1105ya/
A37: 34 | B37: 林進 飛醺卑鄙 fashion baby | C37: =IFERROR(__xludf.DUMMYFUNCTION("REGEXREPLACE(B37, ""[ ,，]"", ""-"")"),"林進-飛醺卑鄙-fashion-baby") -> 林進-飛醺卑鄙-fashion-baby | D37: 林進Lingin 林東進飛醺卑鄙Fashionbaby | E37: lingin1209 | F37: 371630480 | G37: g | H37: 8174 | I37: 71.9萬 | J37: 2246 | K37: https://www.instagram.com/lingin1209/
A38: 35 | B38: 我是老爸,我不要當爸! | C38: =IFERROR(__xludf.DUMMYFUNCTION("REGEXREPLACE(B38, ""[ ,，]"", ""-"")"),"我是老爸-我不要當爸!") -> 我是老爸-我不要當爸! | D38: 我是老爸，我不要當爸 | E38: daddy.iam | F38: 3638274950 | G38: g | H38: 546 | I38: 10.2萬 | J38: 300 | K38: https://www.instagram.com/daddy.iam/
A39: 36 | B39: 小葵 XiaoKui | C39: =IFERROR(__xludf.DUMMYFUNCTION("REGEXREPLACE(B39, ""[ ,，]"", ""-"")"),"小葵-XiaoKui") -> 小葵-XiaoKui | D39: 小葵 XiaoKui | E39: miao11255 | F39: 1673522323 | G39: g | H39: 1359 | I39: 17.7萬 | J39: 765 | K39: https://www.instagram.com/miao11255/
A40: 37 | B40: 星期天 | C40: =IFERROR(__xludf.DUMMYFUNCTION("REGEXREPLACE(B40, ""[ ,，]"", ""-"")"),"星期天") -> 星期天 | D40: 星期天 Sunday | E40: sundayright_dub | F40: 1795150072 | G40: g | H40: 1955 | I40: 18萬 | J40: 1570 | K40: https://www.instagram.com/sundayright_dub/
A41: 38 | B41: 蔡桃貴 | C41: =IFERROR(__xludf.DUMMYFUNCTION("REGEXREPLACE(B41, ""[ ,，]"", ""-"")"),"蔡桃貴") -> 蔡桃貴 | D41: 蔡桃貴 | E41: tsaigray2018 | F41: 8047388429 | G41: 1 | K41: https://www.instagram.com/tsaigray2018/
A42: 39 | B42: 鹿人 | C42: =IFERROR(__xludf.DUMMYFUNCTION("REGEXREPLACE(B42, ""[ ,，]"", ""-"")"),"鹿人") -> 鹿人 | D42: 鹿人 | E42: twodeerman | F42: 1422088439 | G42: 1 | H42: 920 | I42: 41萬 | J42: 207 | K42: https://www.instagram.com/twodeerman/
A43: 40 | B43: 丹妮婊姐 | C43: =IFERROR(__xludf.DUMMYFUNCTION("REGEXREPLACE(B43, ""[ ,，]"", ""-"")"),"丹妮婊姐") -> 丹妮婊姐 | D43: 丹妮婊姐星球 | E43: dannybeeech | F43: 1387337609 | G43: 1 | H43: 1231 | I43: 25.7萬 | J43: 2 | K43: https://www.instagram.com/dannybeeech/
A44: 41 | B44: 麻糬爸 | C44: =IFERROR(__xludf.DUMMYFUNCTION("REGEXREPLACE(B44, ""[ ,，]"", ""-"")"),"麻糬爸") -> 麻糬爸 | D44: 麻糬爸與白爛貓家族 | E44: mochi_dad | F44: 588016383 | G44: 1 | H44: 2543 | I44: 39萬 | J44: 116 | K44: https://www.instagram.com/mochi_dad/
A45: 42 | B45: 這群人TGOP | C45: =IFERROR(__xludf.DUMMYFUNCTION("REGEXREPLACE(B45, ""[ ,，]"", ""-"")"),"這群人TGOP") -> 這群人TGOP | D45: 這群人 TGOP | E45: thisgroupofpeople | F45: 3179636262 | G45: 1 | H45: 2365 | I45: 63.4萬 | J45: 15 | K45: https://www.instagram.com/thisgroupofpeople/
A46: 43 | B46: 黃氏兄弟 | C46: =IFERROR(__xludf.DUMMYFUNCTION("REGEXREPLACE(B46, ""[ ,，]"", ""-"")"),"黃氏兄弟") -> 黃氏兄弟 | D46: 黃氏兄弟 | E46: huangbrotherss | F46: 6231869789 | G46: 1 | K46: https://www.instagram.com/huangbrotherss/
A47: 44 | B47: KEOKI BLACK布萊克薛薛 | C47: =IFERROR(__xludf.DUMMYFUNCTION("REGEXREPLACE(B47, ""[ ,，]"", ""-"")"),"KEOKI-BLACK布萊克薛薛") -> KEOKI-BLACK布萊克薛薛 | D47: 布萊克薛薛Drangadrang | E47: k3okii | F47: 192726292 | G47: 1 | K47: https://www.instagram.com/k3okii/
A48: 45 | B48: 廉傑克曼 | C48: =IFERROR(__xludf.DUMMYFUNCTION("REGEXREPLACE(B48, ""[ ,，]"", ""-"")"),"廉傑克曼") -> 廉傑克曼 | D48: 張廉傑 RJ / 阿傑 | E48: jaychang0127 | F48: 328078093 | G48: g | H48: 1841 | I48: 41.3萬 | J48: 4009 | K48: https://www.instagram.com/jaychang0127/
A49: 46 | B49: 關韶文 | C49: =IFERROR(__xludf.DUMMYFUNCTION("REGEXREPLACE(B49, ""[ ,，]"", ""-"")"),"關韶文") -> 關韶文 | D49: 關韶文 關關✨ | E49: ethan_kuan_kuan | F49: 270217123 | G49: 1 | H49: 1904 | I49: 36.7萬 | J49: 500 | K49: https://www.instagram.com/ethan_kuan_kuan/
A50: 47 | B50: Andy老師 | C50: =IFERROR(__xludf.DUMMYFUNCTION("REGEXREPLACE(B50, ""[ ,，]"", ""-"")"),"Andy老師") -> Andy老師 | D50: Andy老師 | E50: andy1994x | F50: 4017891221 | G50: 1 | K50: https://www.instagram.com/andy1994x/
A51: 48 | B51: 愛里 | C51: =IFERROR(__xludf.DUMMYFUNCTION("REGEXREPLACE(B51, ""[ ,，]"", ""-"")"),"愛里") -> 愛里 | D51: 愛里 | E51: allie.liao | F51: 1962736611 | G51: g | H51: 173 | I51: 61.3萬 | J51: 1321 | K51: https://www.instagram.com/allie.liao/
A52: 49 | B52: 台灣吧 | C52: =IFERROR(__xludf.DUMMYFUNCTION("REGEXREPLACE(B52, ""[ ,，]"", ""-"")"),"台灣吧") -> 台灣吧 | D52: 臺灣吧 Taiwan Bar | E52: taiwan_bar | F52: 10724137476 | G52: 1 | K52: https://www.instagram.com/taiwan_bar/
A53: 50 | B53: 那些電影教我的事 | C53: =IFERROR(__xludf.DUMMYFUNCTION("REGEXREPLACE(B53, ""[ ,，]"", ""-"")"),"那些電影教我的事") -> 那些電影教我的事 | D53: 那些電影教我的事 | E53: lessonsfrommovies | F53: 485234984 | G53: 1 | K53: https://www.instagram.com/lessonsfrommovies/
A54: 51 | B54: PopDaily | C54: =IFERROR(__xludf.DUMMYFUNCTION("REGEXREPLACE(B54, ""[ ,，]"", ""-"")"),"PopDaily") -> PopDaily | D54: PopDaily 波波黛莉的異想世界 | E54: popdaily | F54: 1612217393 | G54: 1 | K54: https://www.instagram.com/popdaily/
A55: 52 | B55: 三原慧悟 Sanyuan_JAPAN | C55: =IFERROR(__xludf.DUMMYFUNCTION("REGEXREPLACE(B55, ""[ ,，]"", ""-"")"),"三原慧悟-Sanyuan_JAPAN") -> 三原慧悟-Sanyuan_JAPAN | D55: 三原 慧悟/サンエン/Mr.3 | E55: sanyuan_japan | F55: 2036845994 | G55: 1 | K55: https://www.instagram.com/sanyuan_japan/
A56: 53 | B56: Jason Chen 陳以桐 | C56: =IFERROR(__xludf.DUMMYFUNCTION("REGEXREPLACE(B56, ""[ ,，]"", ""-"")"),"Jason-Chen-陳以桐") -> Jason-Chen-陳以桐 | D56: Jason Chen 陳以桐 | E56: jasondchen | F56: 32527641 | G56: 1 | K56: https://www.instagram.com/jasondchen/
A57: 54 | B57: Onion man 洋蔥先生與阿文 | C57: =IFERROR(__xludf.DUMMYFUNCTION("REGEXREPLACE(B57, ""[ ,，]"", ""-"")"),"Onion-man-洋蔥先生與阿文") -> Onion-man-洋蔥先生與阿文 | D57: 洋蔥先生與阿文 | E57: onionman__ | F57: 1981431196 | G57: g | H57: 1172 | I57: 45.7萬 | J57: 921 | K57: https://www.instagram.com/onionman__/
A58: 55 | B58: 阿啾繪圖同萌 | C58: =IFERROR(__xludf.DUMMYFUNCTION("REGEXREPLACE(B58, ""[ ,，]"", ""-"")"),"阿啾繪圖同萌") -> 阿啾繪圖同萌 | D58: 阿啾小劇場 | E58: achusan0817 | F58: 2214961036 | G58: 1 | K58: https://www.instagram.com/achusan0817/
A59: 55 | B59: 阿啾繪圖同萌 | C59: =IFERROR(__xludf.DUMMYFUNCTION("REGEXREPLACE(B59, ""[ ,，]"", ""-"")"),"阿啾繪圖同萌") -> 阿啾繪圖同萌 | D59: 劉啾慶 | E59: achu08177 | F59: 6183789581 | G59: 1 | K59: https://www.instagram.com/achu08177/
A60: 56 | B60: 閃電狼Flash Wolves | C60: =IFERROR(__xludf.DUMMYFUNCTION("REGEXREPLACE(B60, ""[ ,，]"", ""-"")"),"閃電狼Flash-Wolves") -> 閃電狼Flash-Wolves | D60: FlashWolves 閃電狼 | E60: flashwolves2013 | F60: 3882104752 | G60: 1 | K60: https://www.instagram.com/flashwolves2013/
A61: 57 | B61: 白癡公主 | C61: =IFERROR(__xludf.DUMMYFUNCTION("REGEXREPLACE(B61, ""[ ,，]"", ""-"")"),"白癡公主") -> 白癡公主 | D61: 白癡公主 | E61: 87acup | F61: 323227199 | G61: 1 | K61: https://www.instagram.com/87acup/
A62: 58 | B62: 健人蓋仇 | C62: =IFERROR(__xludf.DUMMYFUNCTION("REGEXREPLACE(B62, ""[ ,，]"", ""-"")"),"健人蓋仇") -> 健人蓋仇 | D62: 健人蓋伊 | E62: gu_yuze | F62: 2945747715 | G62: g | K62: https://www.instagram.com/gu_yuze/
A63: 59 | B63: Patrick 派翠克 | C63: =IFERROR(__xludf.DUMMYFUNCTION("REGEXREPLACE(B63, ""[ ,，]"", ""-"")"),"Patrick-派翠克") -> Patrick-派翠克 | D63: ⭐️Patrick 派翠克⭐️ | E63: patrickliu0721 | F63: 564962343 | G63: 1 | K63: https://www.instagram.com/patrickliu0721/
A64: 60 | B64: 莊酷炫 | C64: =IFERROR(__xludf.DUMMYFUNCTION("REGEXREPLACE(B64, ""[ ,，]"", ""-"")"),"莊酷炫") -> 莊酷炫 | D64: 莊酷炫 | E64: kevin0204660 | F64: 1247496433 | G64: g | K64: https://www.instagram.com/kevin0204660/
A65: 61 | B65: Six Wang | C65: =IFERROR(__xludf.DUMMYFUNCTION("REGEXREPLACE(B65, ""[ ,，]"", ""-"")"),"Six-Wang") -> Six-Wang | D65: Six Wang | E65: 6tan | F65: 144080454 | G65: 1 | K65: https://www.instagram.com/6tan/
A66: 62 | B66: 蘿潔塔的廚房 | C66: =IFERROR(__xludf.DUMMYFUNCTION("REGEXREPLACE(B66, ""[ ,，]"", ""-"")"),"蘿潔塔的廚房") -> 蘿潔塔的廚房 | D66: 蘿潔塔的廚房 | E66: rosalina.kitchen | F66: 2319795781 | G66: 1 | K66: https://www.instagram.com/rosalina.kitchen/
A67: 63 | B67: 孫生 | C67: =IFERROR(__xludf.DUMMYFUNCTION("REGEXREPLACE(B67, ""[ ,，]"", ""-"")"),"孫生") -> 孫生 | D67: 孫泩 | E67: soon6669 | F67: 6023506533 | G67: g | K67: https://www.instagram.com/soon6669/
A68: 64 | B68: 超認真少年 I'm Serious | C68: =IFERROR(__xludf.DUMMYFUNCTION("REGEXREPLACE(B68, ""[ ,，]"", ""-"")"),"超認真少年-I'm-Serious") -> 超認真少年-I'm-Serious | D68: 超認真少年 | E68: imseriou | F68: 8743462644 | G68: g | H68: 1517 | I68: 13.7萬 | J68: 744 | K68: https://www.instagram.com/imseriou/
A69: 65 | B69: 辣媽Shania | C69: =IFERROR(__xludf.DUMMYFUNCTION("REGEXREPLACE(B69, ""[ ,，]"", ""-"")"),"辣媽Shania") -> 辣媽Shania | D69: 辣媽Shania | E69: lamashania | F69: 331734673 | G69: 1 | K69: https://www.instagram.com/lamashania/
A70: 66 | B70: Lilyflute長笛姐姐 | C70: =IFERROR(__xludf.DUMMYFUNCTION("REGEXREPLACE(B70, ""[ ,，]"", ""-"")"),"Lilyflute長笛姐姐") -> Lilyflute長笛姐姐 | D70: 長笛姐姐🪄Lily Flute | E70: lilyflute | F70: 2926479106 | G70: 1 | K70: https://www.instagram.com/lilyflute/
A71: 67 | B71: Bonjour Louis! 我是路易 | C71: =IFERROR(__xludf.DUMMYFUNCTION("REGEXREPLACE(B71, ""[ ,，]"", ""-"")"),"Bonjour-Louis!-我是路易") -> Bonjour-Louis!-我是路易 | D71: Bonjour Louis! 我是路易 | E71: bonjour.louis | F71: 333041115 | G71: 1 | K71: https://www.instagram.com/bonjour.louis/
A72: 68 | B72: 李恩菲x菲菲 | C72: =IFERROR(__xludf.DUMMYFUNCTION("REGEXREPLACE(B72, ""[ ,，]"", ""-"")"),"李恩菲x菲菲") -> 李恩菲x菲菲 | D72: LUVSSI ⋆李恩菲x菲菲Aviva🪽 | E72: aviva_1028 | F72: 396335627 | G72: g | K72: https://www.instagram.com/aviva_1028/
A73: 69 | B73: 羚小鹿 | C73: =IFERROR(__xludf.DUMMYFUNCTION("REGEXREPLACE(B73, ""[ ,，]"", ""-"")"),"羚小鹿") -> 羚小鹿 | D73: YING 林岱縈 | E73: daiying0 | F73: 594657 | G73: g | K73: https://www.instagram.com/daiying0/
A74: 70 | B74: 虎麗笑嗨嗨 | C74: =IFERROR(__xludf.DUMMYFUNCTION("REGEXREPLACE(B74, ""[ ,，]"", ""-"")"),"虎麗笑嗨嗨") -> 虎麗笑嗨嗨 | D74: 虎麗笑嗨嗨 高雄美食 | E74: hooleefun | F74: 987577757 | G74: 1 | K74: https://www.instagram.com/hooleefun/
A75: 71 | B75: 林淑芬2.0 | C75: =IFERROR(__xludf.DUMMYFUNCTION("REGEXREPLACE(B75, ""[ ,，]"", ""-"")"),"林淑芬2.0") -> 林淑芬2.0 | D75: C D H｜林淑芬 | E75: 0_shufen | F75: 2616472977 | G75: 1 | K75: https://www.instagram.com/0_shufen/
A76: 72 | B76: 紫玥桃 | C76: =IFERROR(__xludf.DUMMYFUNCTION("REGEXREPLACE(B76, ""[ ,，]"", ""-"")"),"紫玥桃") -> 紫玥桃 | D76: 紫玥桃 Cosplay | E76: skauramomo | F76: 515352630 | G76: g | K76: https://www.instagram.com/skauramomo/
A77: 73 | B77: 黃山料 | C77: =IFERROR(__xludf.DUMMYFUNCTION("REGEXREPLACE(B77, ""[ ,，]"", ""-"")"),"黃山料") -> 黃山料 | D77: 黃山料 | E77: iam_3636 | F77: 1269919808 | G77: 1 | K77: https://www.instagram.com/iam_3636/
A78: 74 | B78: 木曜4超玩 | C78: =IFERROR(__xludf.DUMMYFUNCTION("REGEXREPLACE(B78, ""[ ,，]"", ""-"")"),"木曜4超玩") -> 木曜4超玩 | D78: 木曜4超玩 | E78: muyao4 | F78: 5422332449 | G78: 1 | K78: https://www.instagram.com/muyao4/
A79: 75 | B79: 妮妮 Nini | C79: =IFERROR(__xludf.DUMMYFUNCTION("REGEXREPLACE(B79, ""[ ,，]"", ""-"")"),"妮妮-Nini") -> 妮妮-Nini | D79: Nini 妮妮 | E79: nini_food0822 | F79: 563340443 | G79: g | K79: https://www.instagram.com/nini_food0822/
A80: 76 | B80: 魚乾 | C80: =IFERROR(__xludf.DUMMYFUNCTION("REGEXREPLACE(B80, ""[ ,，]"", ""-"")"),"魚乾") -> 魚乾 | D80: 魚乾 | E80: annie72127 | F80: 310596431 | G80: 1 | K80: https://www.instagram.com/annie72127/
A81: 77 | B81: 見習網美小吳 | C81: =IFERROR(__xludf.DUMMYFUNCTION("REGEXREPLACE(B81, ""[ ,，]"", ""-"")"),"見習網美小吳") -> 見習網美小吳 | D81: 見習網美小吳 | E81: beauty___wu | F81: 264560267 | G81: g | H81: 1728 | I81: 75.9萬 | J81: 769 | K81: https://www.instagram.com/beauty___wu/
A82: 78 | B82: 艾爾文 | C82: =IFERROR(__xludf.DUMMYFUNCTION("REGEXREPLACE(B82, ""[ ,，]"", ""-"")"),"艾爾文") -> 艾爾文 | D82: 艾爾文 | E82: alvin701 | F82: 1972535324 | G82: 1 | H82: 1327 | I82: 18.8萬 | J82: 141 | K82: https://www.instagram.com/alvin701/
A83: 79 | B83: 志祺七七 | C83: =IFERROR(__xludf.DUMMYFUNCTION("REGEXREPLACE(B83, ""[ ,，]"", ""-"")"),"志祺七七") -> 志祺七七 | D83: 志祺 | E83: shasha77.daily | F83: 7011513421 | G83: 1 | K83: https://www.instagram.com/shasha77.daily/
A84: 80 | B84: 欸你這週要幹嘛 | C84: =IFERROR(__xludf.DUMMYFUNCTION("REGEXREPLACE(B84, ""[ ,，]"", ""-"")"),"欸你這週要幹嘛") -> 欸你這週要幹嘛 | D84: 欸你這週要幹嘛 | E84: arielsvlog_816 | F84: 8320554996 | G84: 1 | K84: https://www.instagram.com/arielsvlog_816/
A85: 81 | B85: PEETA葛格 | C85: =IFERROR(__xludf.DUMMYFUNCTION("REGEXREPLACE(B85, ""[ ,，]"", ""-"")"),"PEETA葛格") -> PEETA葛格 | D85: PEETA葛格 | E85: peeta.gege | F85: 255612709 | K85: https://www.instagram.com/peeta.gege/
A86: 82 | B86: 咪妃Julia | C86: =IFERROR(__xludf.DUMMYFUNCTION("REGEXREPLACE(B86, ""[ ,，]"", ""-"")"),"咪妃Julia") -> 咪妃Julia | D86: 咪妃（榴槤姊姊） | E86: juliamisakii | F86: 646090220 | G86: 1 | K86: https://www.instagram.com/juliamisakii/
A87: 83 | B87: 呱吉 | C87: =IFERROR(__xludf.DUMMYFUNCTION("REGEXREPLACE(B87, ""[ ,，]"", ""-"")"),"呱吉") -> 呱吉 | D87: 呱吉 | E87: froggychiu | F87: 143625 | G87: g | H87: 980 | I87: 33.9萬 | J87: 720 | K87: https://www.instagram.com/froggychiu/
A88: 84 | B88: 莊政威 Cliff Chuang | C88: =IFERROR(__xludf.DUMMYFUNCTION("REGEXREPLACE(B88, ""[ ,，]"", ""-"")"),"莊政威-Cliff-Chuang") -> 莊政威-Cliff-Chuang | D88: 克里夫三 | E88: cliffchuang3 | F88: 6994695601 | G88: 1 | K88: https://www.instagram.com/cliffchuang3/
A89: 85 | B89: 漢娜在翻譯 | C89: =IFERROR(__xludf.DUMMYFUNCTION("REGEXREPLACE(B89, ""[ ,，]"", ""-"")"),"漢娜在翻譯") -> 漢娜在翻譯 | D89: Hanna はんな｜漢娜在翻譯 | E89: hannainjp | F89: 212901855 | G89: 1 | K89: https://www.instagram.com/hannainjp/
A90: 86 | B90: Ru's Piano Ru味春捲 | C90: =IFERROR(__xludf.DUMMYFUNCTION("REGEXREPLACE(B90, ""[ ,，]"", ""-"")"),"Ru's-Piano-Ru味春捲") -> Ru's-Piano-Ru味春捲 | D90: Ru味春捲Ru's Piano | E90: ruruspiano | F90: 589042879 | G90: g | H90: 1332 | I90: 22.2萬 | J90: 693 | K90: https://www.instagram.com/ruruspiano/
